year,station_number,url,exists,downloaded,not_zip_file,city
2023,2066,https://www.bast.de/videos/2023/zst2066.zip,True,True,False,berlin
2023,5262,https://www.bast.de/videos/2023/zst5262.zip,True,True,False,duesseldorf
2023,3625,https://www.bast.de/videos/2023/zst3625.zip,True,True,False,berlin
2023,2062,https://www.bast.de/videos/2023/zst2062.zip,True,True,False,berlin
2023,2063,https://www.bast.de/videos/2023/zst2063.zip,True,True,False,berlin
2023,3718,https://www.bast.de/videos/2023/zst3718.zip,True,True,True,berlin
2023,3717,https://www.bast.de/videos/2023/zst3717.zip,True,True,True,berlin
2023,5031,https://www.bast.de/videos/2023/zst5031.zip,True,True,True,duesseldorf
2023,2065,https://www.bast.de/videos/2023/zst2065.zip,True,True,False,berlin
2023,3632,https://www.bast.de/videos/2023/zst3632.zip,True,True,False,berlin
2023,5086,https://www.bast.de/videos/2023/zst5086.zip,True,True,False,cologne
2023,2061,https://www.bast.de/videos/2023/zst2061.zip,True,True,False,berlin
2023,2064,https://www.bast.de/videos/2023/zst2064.zip,True,True,False,berlin
2023,2002,https://www.bast.de/videos/2023/zst2002.zip,True,True,False,berlin
2023,2011,https://www.bast.de/videos/2023/zst2011.zip,True,True,False,berlin
2023,5036,https://www.bast.de/videos/2023/zst5036.zip,True,True,False,cologne
2023,2013,https://www.bast.de/videos/2023/zst2013.zip,True,True,False,berlin
2023,3615,https://www.bast.de/videos/2023/zst3615.zip,True,True,True,berlin
2023,2012,https://www.bast.de/videos/2023/zst2012.zip,True,True,False,berlin
2023,2010,https://www.bast.de/videos/2023/zst2010.zip,True,True,False,berlin
2023,2008,https://www.bast.de/videos/2023/zst2008.zip,True,True,False,berlin
2023,3631,https://www.bast.de/videos/2023/zst3631.zip,True,True,True,berlin
2023,2004,https://www.bast.de/videos/2023/zst2004.zip,True,True,True,berlin
2023,2006,https://www.bast.de/videos/2023/zst2006.zip,True,True,False,berlin
2023,2014,https://www.bast.de/videos/2023/zst2014.zip,True,True,False,berlin
2023,2005,https://www.bast.de/videos/2023/zst2005.zip,True,True,True,berlin
2023,5089,https://www.bast.de/videos/2023/zst5089.zip,True,True,False,cologne
2023,5090,https://www.bast.de/videos/2023/zst5090.zip,True,True,False,duesseldorf
2023,2003,https://www.bast.de/videos/2023/zst2003.zip,True,True,True,berlin
2023,5014,https://www.bast.de/videos/2023/zst5014.zip,True,True,False,duesseldorf
2023,5087,https://www.bast.de/videos/2023/zst5087.zip,True,True,False,cologne
2023,5030,https://www.bast.de/videos/2023/zst5030.zip,True,True,False,duesseldorf
2023,5601,https://www.bast.de/videos/2023/zst5601.zip,True,True,False,duesseldorf
2023,5674,https://www.bast.de/videos/2023/zst5674.zip,True,True,True,cologne
2023,5670,https://www.bast.de/videos/2023/zst5670.zip,True,True,True,duesseldorf
2023,5027,https://www.bast.de/videos/2023/zst5027.zip,True,True,True,duesseldorf
2023,5061,https://www.bast.de/videos/2023/zst5061.zip,True,True,True,duesseldorf
2023,5040,https://www.bast.de/videos/2023/zst5040.zip,True,True,True,duesseldorf
2023,5097,https://www.bast.de/videos/2023/zst5097.zip,True,True,True,duesseldorf
2023,5686,https://www.bast.de/videos/2023/zst5686.zip,True,True,True,duesseldorf
2023,3606,https://www.bast.de/videos/2023/zst3606.zip,True,True,True,berlin
2023,3629,https://www.bast.de/videos/2023/zst3629.zip,True,True,True,berlin
2023,3602,https://www.bast.de/videos/2023/zst3602.zip,True,True,True,berlin
2023,5049,https://www.bast.de/videos/2023/zst5049.zip,True,True,True,cologne
2023,3667,https://www.bast.de/videos/2023/zst3667.zip,True,True,True,berlin
2023,5053,https://www.bast.de/videos/2023/zst5053.zip,True,True,True,cologne
2023,5004,https://www.bast.de/videos/2023/zst5004.zip,True,True,False,cologne
2023,5021,https://www.bast.de/videos/2023/zst5021.zip,True,True,True,cologne
2023,5655,https://www.bast.de/videos/2023/zst5655.zip,True,True,False,duesseldorf
2023,5065,https://www.bast.de/videos/2023/zst5065.zip,True,True,False,duesseldorf
2023,5673,https://www.bast.de/videos/2023/zst5673.zip,True,True,False,cologne
2023,5048,https://www.bast.de/videos/2023/zst5048.zip,True,True,False,cologne
2023,5032,https://www.bast.de/videos/2023/zst5032.zip,True,True,True,cologne
2022,5262,https://www.bast.de/videos/2022/zst5262.zip,True,True,False,duesseldorf
2023,5672,https://www.bast.de/videos/2023/zst5672.zip,True,True,True,cologne
2022,3625,https://www.bast.de/videos/2022/zst3625.zip,True,True,False,berlin
2022,2066,https://www.bast.de/videos/2022/zst2066.zip,True,True,False,berlin
2023,5010,https://www.bast.de/videos/2023/zst5010.zip,True,True,True,cologne
2022,3718,https://www.bast.de/videos/2022/zst3718.zip,True,True,False,berlin
2022,2063,https://www.bast.de/videos/2022/zst2063.zip,True,True,False,berlin
2022,2062,https://www.bast.de/videos/2022/zst2062.zip,True,True,False,berlin
2022,2065,https://www.bast.de/videos/2022/zst2065.zip,True,True,False,berlin
2022,3632,https://www.bast.de/videos/2022/zst3632.zip,True,True,False,berlin
2022,5031,https://www.bast.de/videos/2022/zst5031.zip,True,True,True,duesseldorf
2022,3717,https://www.bast.de/videos/2022/zst3717.zip,True,True,True,berlin
2022,2061,https://www.bast.de/videos/2022/zst2061.zip,True,True,False,berlin
2022,2064,https://www.bast.de/videos/2022/zst2064.zip,True,True,False,berlin
2022,5036,https://www.bast.de/videos/2022/zst5036.zip,True,True,False,cologne
2022,2002,https://www.bast.de/videos/2022/zst2002.zip,True,True,False,berlin
2022,5086,https://www.bast.de/videos/2022/zst5086.zip,True,True,True,cologne
2022,2013,https://www.bast.de/videos/2022/zst2013.zip,True,True,False,berlin
2022,2012,https://www.bast.de/videos/2022/zst2012.zip,True,True,False,berlin
2022,3615,https://www.bast.de/videos/2022/zst3615.zip,True,True,True,berlin
2022,2010,https://www.bast.de/videos/2022/zst2010.zip,True,True,False,berlin
2022,2011,https://www.bast.de/videos/2022/zst2011.zip,True,True,True,berlin
2022,2008,https://www.bast.de/videos/2022/zst2008.zip,True,True,False,berlin
2022,3631,https://www.bast.de/videos/2022/zst3631.zip,True,True,True,berlin
2022,2006,https://www.bast.de/videos/2022/zst2006.zip,True,True,False,berlin
2022,2004,https://www.bast.de/videos/2022/zst2004.zip,True,True,True,berlin
2022,2005,https://www.bast.de/videos/2022/zst2005.zip,True,True,True,berlin
2022,2003,https://www.bast.de/videos/2022/zst2003.zip,True,True,True,berlin
2022,2014,https://www.bast.de/videos/2022/zst2014.zip,True,True,False,berlin
2022,5090,https://www.bast.de/videos/2022/zst5090.zip,True,True,False,duesseldorf
2022,5089,https://www.bast.de/videos/2022/zst5089.zip,True,True,True,cologne
2022,5670,https://www.bast.de/videos/2022/zst5670.zip,True,True,False,duesseldorf
2022,5014,https://www.bast.de/videos/2022/zst5014.zip,True,True,False,duesseldorf
2022,5030,https://www.bast.de/videos/2022/zst5030.zip,True,True,False,duesseldorf
2022,5601,https://www.bast.de/videos/2022/zst5601.zip,True,True,False,duesseldorf
2022,5027,https://www.bast.de/videos/2022/zst5027.zip,True,True,False,duesseldorf
2022,5674,https://www.bast.de/videos/2022/zst5674.zip,True,True,True,cologne
2022,5061,https://www.bast.de/videos/2022/zst5061.zip,True,True,True,duesseldorf
2022,5040,https://www.bast.de/videos/2022/zst5040.zip,True,True,True,duesseldorf
2022,5097,https://www.bast.de/videos/2022/zst5097.zip,True,True,True,duesseldorf
2022,5686,https://www.bast.de/videos/2022/zst5686.zip,True,True,True,duesseldorf
2022,3606,https://www.bast.de/videos/2022/zst3606.zip,True,True,True,berlin
2022,3667,https://www.bast.de/videos/2022/zst3667.zip,True,True,True,berlin
2022,5053,https://www.bast.de/videos/2022/zst5053.zip,True,True,True,cologne
2022,5049,https://www.bast.de/videos/2022/zst5049.zip,True,True,True,cologne
2022,5021,https://www.bast.de/videos/2022/zst5021.zip,True,True,True,cologne
2022,3602,https://www.bast.de/videos/2022/zst3602.zip,True,True,True,berlin
2022,5004,https://www.bast.de/videos/2022/zst5004.zip,True,True,False,cologne
2022,5065,https://www.bast.de/videos/2022/zst5065.zip,True,True,False,duesseldorf
2022,5673,https://www.bast.de/videos/2022/zst5673.zip,True,True,True,cologne
2022,5048,https://www.bast.de/videos/2022/zst5048.zip,True,True,False,cologne
2022,5655,https://www.bast.de/videos/2022/zst5655.zip,True,True,True,duesseldorf
2022,5672,https://www.bast.de/videos/2022/zst5672.zip,True,True,True,cologne
2021,5262,https://www.bast.de/videos/2021/zst5262.zip,True,True,False,duesseldorf
2022,5010,https://www.bast.de/videos/2022/zst5010.zip,True,True,True,cologne
2022,5032,https://www.bast.de/videos/2022/zst5032.zip,True,True,True,cologne
2021,3625,https://www.bast.de/videos/2021/zst3625.zip,True,True,False,berlin
2021,2066,https://www.bast.de/videos/2021/zst2066.zip,True,True,False,berlin
2021,3718,https://www.bast.de/videos/2021/zst3718.zip,True,True,False,berlin
2021,2063,https://www.bast.de/videos/2021/zst2063.zip,True,True,False,berlin
2021,2062,https://www.bast.de/videos/2021/zst2062.zip,True,True,False,berlin
2021,3717,https://www.bast.de/videos/2021/zst3717.zip,True,True,True,berlin
2021,2065,https://www.bast.de/videos/2021/zst2065.zip,True,True,False,berlin
2021,5031,https://www.bast.de/videos/2021/zst5031.zip,True,True,True,duesseldorf
2021,3632,https://www.bast.de/videos/2021/zst3632.zip,True,True,False,berlin
2021,2064,https://www.bast.de/videos/2021/zst2064.zip,True,True,False,berlin
2021,2061,https://www.bast.de/videos/2021/zst2061.zip,True,True,False,berlin
2021,2002,https://www.bast.de/videos/2021/zst2002.zip,True,True,False,berlin
2021,5036,https://www.bast.de/videos/2021/zst5036.zip,True,True,False,cologne
2021,5086,https://www.bast.de/videos/2021/zst5086.zip,True,True,True,cologne
2021,2013,https://www.bast.de/videos/2021/zst2013.zip,True,True,False,berlin
2021,3615,https://www.bast.de/videos/2021/zst3615.zip,True,True,True,berlin
2021,2012,https://www.bast.de/videos/2021/zst2012.zip,True,True,False,berlin
2021,2008,https://www.bast.de/videos/2021/zst2008.zip,True,True,False,berlin
2021,2011,https://www.bast.de/videos/2021/zst2011.zip,True,True,True,berlin
2021,2010,https://www.bast.de/videos/2021/zst2010.zip,True,True,False,berlin
2021,3631,https://www.bast.de/videos/2021/zst3631.zip,True,True,True,berlin
2022,3629,https://www.bast.de/videos/2022/zst3629.zip,True,True,True,berlin
2021,2006,https://www.bast.de/videos/2021/zst2006.zip,True,True,False,berlin
2021,2014,https://www.bast.de/videos/2021/zst2014.zip,True,True,False,berlin
2021,2004,https://www.bast.de/videos/2021/zst2004.zip,True,True,True,berlin
2021,2005,https://www.bast.de/videos/2021/zst2005.zip,True,True,True,berlin
2021,2003,https://www.bast.de/videos/2021/zst2003.zip,True,True,True,berlin
2021,5089,https://www.bast.de/videos/2021/zst5089.zip,True,True,False,cologne
2021,5670,https://www.bast.de/videos/2021/zst5670.zip,True,True,False,duesseldorf
2021,5090,https://www.bast.de/videos/2021/zst5090.zip,True,True,False,duesseldorf
2021,5674,https://www.bast.de/videos/2021/zst5674.zip,True,True,False,cologne
2021,5061,https://www.bast.de/videos/2021/zst5061.zip,True,True,False,duesseldorf
2021,5601,https://www.bast.de/videos/2021/zst5601.zip,True,True,False,duesseldorf
2021,5030,https://www.bast.de/videos/2021/zst5030.zip,True,True,False,duesseldorf
2021,5014,https://www.bast.de/videos/2021/zst5014.zip,True,True,False,duesseldorf
2021,5027,https://www.bast.de/videos/2021/zst5027.zip,True,True,False,duesseldorf
2021,5040,https://www.bast.de/videos/2021/zst5040.zip,True,True,False,duesseldorf
2021,5686,https://www.bast.de/videos/2021/zst5686.zip,True,True,True,duesseldorf
2021,3606,https://www.bast.de/videos/2021/zst3606.zip,True,True,True,berlin
2021,3629,https://www.bast.de/videos/2021/zst3629.zip,True,True,True,berlin
2021,5097,https://www.bast.de/videos/2021/zst5097.zip,True,True,True,duesseldorf
2021,3667,https://www.bast.de/videos/2021/zst3667.zip,True,True,True,berlin
2021,5049,https://www.bast.de/videos/2021/zst5049.zip,True,True,False,cologne
2021,5021,https://www.bast.de/videos/2021/zst5021.zip,True,True,False,cologne
2021,5004,https://www.bast.de/videos/2021/zst5004.zip,True,True,False,cologne
2021,3602,https://www.bast.de/videos/2021/zst3602.zip,True,True,True,berlin
2021,5065,https://www.bast.de/videos/2021/zst5065.zip,True,True,False,duesseldorf
2021,5053,https://www.bast.de/videos/2021/zst5053.zip,True,True,True,cologne
2021,5673,https://www.bast.de/videos/2021/zst5673.zip,True,True,False,cologne
2021,5672,https://www.bast.de/videos/2021/zst5672.zip,True,True,False,cologne
2021,5655,https://www.bast.de/videos/2021/zst5655.zip,True,True,True,duesseldorf
2021,5048,https://www.bast.de/videos/2021/zst5048.zip,True,True,False,cologne
2020,5262,https://www.bast.de/videos/2020/zst5262.zip,True,True,False,duesseldorf
2020,3625,https://www.bast.de/videos/2020/zst3625.zip,True,True,False,berlin
2021,5010,https://www.bast.de/videos/2021/zst5010.zip,True,True,False,cologne
2020,2066,https://www.bast.de/videos/2020/zst2066.zip,True,True,False,berlin
2020,3718,https://www.bast.de/videos/2020/zst3718.zip,True,True,False,berlin
2021,5032,https://www.bast.de/videos/2021/zst5032.zip,True,True,True,cologne
2020,2063,https://www.bast.de/videos/2020/zst2063.zip,True,True,False,berlin
2020,2062,https://www.bast.de/videos/2020/zst2062.zip,True,True,False,berlin
2020,2065,https://www.bast.de/videos/2020/zst2065.zip,True,True,False,berlin
2020,3632,https://www.bast.de/videos/2020/zst3632.zip,True,True,False,berlin
2020,5031,https://www.bast.de/videos/2020/zst5031.zip,True,True,True,duesseldorf
2020,2061,https://www.bast.de/videos/2020/zst2061.zip,True,True,False,berlin
2020,3717,https://www.bast.de/videos/2020/zst3717.zip,True,True,True,berlin
2020,2064,https://www.bast.de/videos/2020/zst2064.zip,True,True,False,berlin
2020,5036,https://www.bast.de/videos/2020/zst5036.zip,True,True,False,cologne
2020,2002,https://www.bast.de/videos/2020/zst2002.zip,True,True,False,berlin
2020,2011,https://www.bast.de/videos/2020/zst2011.zip,True,True,False,berlin
2020,2013,https://www.bast.de/videos/2020/zst2013.zip,True,True,False,berlin
2020,3615,https://www.bast.de/videos/2020/zst3615.zip,True,True,True,berlin
2020,2012,https://www.bast.de/videos/2020/zst2012.zip,True,True,False,berlin
2020,2008,https://www.bast.de/videos/2020/zst2008.zip,True,True,False,berlin
2020,2010,https://www.bast.de/videos/2020/zst2010.zip,True,True,False,berlin
2020,3631,https://www.bast.de/videos/2020/zst3631.zip,True,True,True,berlin
2020,2005,https://www.bast.de/videos/2020/zst2005.zip,True,True,True,berlin
2020,2006,https://www.bast.de/videos/2020/zst2006.zip,True,True,False,berlin
2020,2003,https://www.bast.de/videos/2020/zst2003.zip,True,True,True,berlin
2020,5090,https://www.bast.de/videos/2020/zst5090.zip,True,True,False,duesseldorf
2020,2014,https://www.bast.de/videos/2020/zst2014.zip,True,True,False,berlin
2020,2004,https://www.bast.de/videos/2020/zst2004.zip,True,True,True,berlin
2020,5674,https://www.bast.de/videos/2020/zst5674.zip,True,True,False,cologne
2020,5061,https://www.bast.de/videos/2020/zst5061.zip,True,True,False,duesseldorf
2020,5601,https://www.bast.de/videos/2020/zst5601.zip,True,True,False,duesseldorf
2020,5670,https://www.bast.de/videos/2020/zst5670.zip,True,True,False,duesseldorf
2020,5014,https://www.bast.de/videos/2020/zst5014.zip,True,True,False,duesseldorf
2020,5030,https://www.bast.de/videos/2020/zst5030.zip,True,True,False,duesseldorf
2020,5027,https://www.bast.de/videos/2020/zst5027.zip,True,True,False,duesseldorf
2020,5040,https://www.bast.de/videos/2020/zst5040.zip,True,True,False,duesseldorf
2020,5686,https://www.bast.de/videos/2020/zst5686.zip,True,True,True,duesseldorf
2020,5097,https://www.bast.de/videos/2020/zst5097.zip,True,True,True,duesseldorf
2020,3629,https://www.bast.de/videos/2020/zst3629.zip,True,True,True,berlin
2020,3606,https://www.bast.de/videos/2020/zst3606.zip,True,True,True,berlin
2020,3667,https://www.bast.de/videos/2020/zst3667.zip,True,True,True,berlin
2020,5053,https://www.bast.de/videos/2020/zst5053.zip,True,True,False,cologne
2020,5049,https://www.bast.de/videos/2020/zst5049.zip,True,True,False,cologne
2020,5021,https://www.bast.de/videos/2020/zst5021.zip,True,True,False,cologne
2020,5004,https://www.bast.de/videos/2020/zst5004.zip,True,True,False,cologne
2020,3602,https://www.bast.de/videos/2020/zst3602.zip,True,True,True,berlin
2020,5065,https://www.bast.de/videos/2020/zst5065.zip,True,True,False,duesseldorf
2020,5673,https://www.bast.de/videos/2020/zst5673.zip,True,True,False,cologne
2020,5048,https://www.bast.de/videos/2020/zst5048.zip,True,True,False,cologne
2020,5672,https://www.bast.de/videos/2020/zst5672.zip,True,True,False,cologne
2020,5655,https://www.bast.de/videos/2020/zst5655.zip,True,True,True,duesseldorf
2020,5010,https://www.bast.de/videos/2020/zst5010.zip,True,True,False,cologne
2019,5262,https://www.bast.de/videos/2019/zst5262.zip,True,True,False,duesseldorf
2019,3625,https://www.bast.de/videos/2019/zst3625.zip,True,True,False,berlin
2019,2066,https://www.bast.de/videos/2019/zst2066.zip,True,True,False,berlin
2020,5032,https://www.bast.de/videos/2020/zst5032.zip,True,True,True,cologne
2019,2063,https://www.bast.de/videos/2019/zst2063.zip,True,True,False,berlin
2019,2062,https://www.bast.de/videos/2019/zst2062.zip,True,True,False,berlin
2019,3717,https://www.bast.de/videos/2019/zst3717.zip,True,True,True,berlin
2019,3718,https://www.bast.de/videos/2019/zst3718.zip,True,True,True,berlin
2019,2065,https://www.bast.de/videos/2019/zst2065.zip,True,True,False,berlin
2019,5031,https://www.bast.de/videos/2019/zst5031.zip,True,True,True,duesseldorf
2019,3632,https://www.bast.de/videos/2019/zst3632.zip,True,True,False,berlin
2019,2061,https://www.bast.de/videos/2019/zst2061.zip,True,True,False,berlin
2019,5036,https://www.bast.de/videos/2019/zst5036.zip,True,True,False,cologne
2019,2064,https://www.bast.de/videos/2019/zst2064.zip,True,True,False,berlin
2019,2002,https://www.bast.de/videos/2019/zst2002.zip,True,True,False,berlin
2019,2011,https://www.bast.de/videos/2019/zst2011.zip,True,True,False,berlin
2019,2013,https://www.bast.de/videos/2019/zst2013.zip,True,True,False,berlin
2019,2012,https://www.bast.de/videos/2019/zst2012.zip,True,True,False,berlin
2019,3615,https://www.bast.de/videos/2019/zst3615.zip,True,True,True,berlin
2019,2010,https://www.bast.de/videos/2019/zst2010.zip,True,True,False,berlin
2019,2008,https://www.bast.de/videos/2019/zst2008.zip,True,True,True,berlin
2019,3631,https://www.bast.de/videos/2019/zst3631.zip,True,True,True,berlin
2019,2003,https://www.bast.de/videos/2019/zst2003.zip,True,True,True,berlin
2019,2006,https://www.bast.de/videos/2019/zst2006.zip,True,True,False,berlin
2019,2004,https://www.bast.de/videos/2019/zst2004.zip,True,True,True,berlin
2019,2014,https://www.bast.de/videos/2019/zst2014.zip,True,True,False,berlin
2019,5090,https://www.bast.de/videos/2019/zst5090.zip,True,True,False,duesseldorf
2019,5674,https://www.bast.de/videos/2019/zst5674.zip,True,True,False,cologne
2019,2005,https://www.bast.de/videos/2019/zst2005.zip,True,True,True,berlin
2019,5670,https://www.bast.de/videos/2019/zst5670.zip,True,True,False,duesseldorf
2019,5601,https://www.bast.de/videos/2019/zst5601.zip,True,True,False,duesseldorf
2019,5030,https://www.bast.de/videos/2019/zst5030.zip,True,True,False,duesseldorf
2019,5014,https://www.bast.de/videos/2019/zst5014.zip,True,True,False,duesseldorf
2019,5061,https://www.bast.de/videos/2019/zst5061.zip,True,True,True,duesseldorf
2019,5027,https://www.bast.de/videos/2019/zst5027.zip,True,True,False,duesseldorf
2019,5040,https://www.bast.de/videos/2019/zst5040.zip,True,True,False,duesseldorf
2019,3629,https://www.bast.de/videos/2019/zst3629.zip,True,True,True,berlin
2019,5097,https://www.bast.de/videos/2019/zst5097.zip,True,True,True,duesseldorf
2019,5686,https://www.bast.de/videos/2019/zst5686.zip,True,True,True,duesseldorf
2019,3602,https://www.bast.de/videos/2019/zst3602.zip,True,True,False,berlin
2019,3667,https://www.bast.de/videos/2019/zst3667.zip,True,True,True,berlin
2019,3606,https://www.bast.de/videos/2019/zst3606.zip,True,True,True,berlin
2019,5049,https://www.bast.de/videos/2019/zst5049.zip,True,True,False,cologne
2019,5053,https://www.bast.de/videos/2019/zst5053.zip,True,True,False,cologne
2019,5021,https://www.bast.de/videos/2019/zst5021.zip,True,True,False,cologne
2019,5065,https://www.bast.de/videos/2019/zst5065.zip,True,True,False,duesseldorf
2019,5673,https://www.bast.de/videos/2019/zst5673.zip,True,True,False,cologne
2019,5672,https://www.bast.de/videos/2019/zst5672.zip,True,True,False,cologne
2019,5004,https://www.bast.de/videos/2019/zst5004.zip,True,True,True,cologne
2019,5048,https://www.bast.de/videos/2019/zst5048.zip,True,True,False,cologne
2019,5655,https://www.bast.de/videos/2019/zst5655.zip,True,True,True,duesseldorf
2019,5010,https://www.bast.de/videos/2019/zst5010.zip,True,True,False,cologne
2018,5262,https://www.bast.de/videos/2018/zst5262.zip,True,True,False,duesseldorf
2018,2066,https://www.bast.de/videos/2018/zst2066.zip,True,True,False,berlin
2018,3625,https://www.bast.de/videos/2018/zst3625.zip,True,True,False,berlin
2018,2063,https://www.bast.de/videos/2018/zst2063.zip,True,True,False,berlin
2019,5032,https://www.bast.de/videos/2019/zst5032.zip,True,True,True,cologne
2018,3718,https://www.bast.de/videos/2018/zst3718.zip,True,True,True,berlin
2018,3717,https://www.bast.de/videos/2018/zst3717.zip,True,True,True,berlin
2018,2062,https://www.bast.de/videos/2018/zst2062.zip,True,True,False,berlin
2018,5031,https://www.bast.de/videos/2018/zst5031.zip,True,True,True,duesseldorf
2018,2065,https://www.bast.de/videos/2018/zst2065.zip,True,True,False,berlin
2018,2061,https://www.bast.de/videos/2018/zst2061.zip,True,True,False,berlin
2018,3632,https://www.bast.de/videos/2018/zst3632.zip,True,True,False,berlin
2018,2064,https://www.bast.de/videos/2018/zst2064.zip,True,True,False,berlin
2018,2002,https://www.bast.de/videos/2018/zst2002.zip,True,True,False,berlin
2018,5036,https://www.bast.de/videos/2018/zst5036.zip,True,True,False,cologne
2018,2011,https://www.bast.de/videos/2018/zst2011.zip,True,True,False,berlin
2018,2012,https://www.bast.de/videos/2018/zst2012.zip,True,True,False,berlin
2018,3615,https://www.bast.de/videos/2018/zst3615.zip,True,True,True,berlin
2018,2008,https://www.bast.de/videos/2018/zst2008.zip,True,True,False,berlin
2018,2010,https://www.bast.de/videos/2018/zst2010.zip,True,True,False,berlin
2018,3631,https://www.bast.de/videos/2018/zst3631.zip,True,True,True,berlin
2018,2005,https://www.bast.de/videos/2018/zst2005.zip,True,True,True,berlin
2018,2006,https://www.bast.de/videos/2018/zst2006.zip,True,True,False,berlin
2018,2004,https://www.bast.de/videos/2018/zst2004.zip,True,True,True,berlin
2018,5090,https://www.bast.de/videos/2018/zst5090.zip,True,True,False,duesseldorf
2018,2014,https://www.bast.de/videos/2018/zst2014.zip,True,True,False,berlin
2018,5674,https://www.bast.de/videos/2018/zst5674.zip,True,True,False,cologne
2018,2003,https://www.bast.de/videos/2018/zst2003.zip,True,True,True,berlin
2018,5670,https://www.bast.de/videos/2018/zst5670.zip,True,True,False,duesseldorf
2018,5601,https://www.bast.de/videos/2018/zst5601.zip,True,True,False,duesseldorf
2018,5014,https://www.bast.de/videos/2018/zst5014.zip,True,True,False,duesseldorf
2018,5030,https://www.bast.de/videos/2018/zst5030.zip,True,True,False,duesseldorf
2018,5027,https://www.bast.de/videos/2018/zst5027.zip,True,True,False,duesseldorf
2018,5061,https://www.bast.de/videos/2018/zst5061.zip,True,True,True,duesseldorf
2018,5040,https://www.bast.de/videos/2018/zst5040.zip,True,True,False,duesseldorf
2018,3606,https://www.bast.de/videos/2018/zst3606.zip,True,True,False,berlin
2018,5097,https://www.bast.de/videos/2018/zst5097.zip,True,True,True,duesseldorf
2018,5686,https://www.bast.de/videos/2018/zst5686.zip,True,True,True,duesseldorf
2018,3629,https://www.bast.de/videos/2018/zst3629.zip,True,True,True,berlin
2018,5049,https://www.bast.de/videos/2018/zst5049.zip,True,True,False,cologne
2018,5053,https://www.bast.de/videos/2018/zst5053.zip,True,True,False,cologne
2018,3667,https://www.bast.de/videos/2018/zst3667.zip,True,True,True,berlin
2018,3602,https://www.bast.de/videos/2018/zst3602.zip,True,True,True,berlin
2018,5021,https://www.bast.de/videos/2018/zst5021.zip,True,True,False,cologne
2018,5065,https://www.bast.de/videos/2018/zst5065.zip,True,True,False,duesseldorf
2018,5655,https://www.bast.de/videos/2018/zst5655.zip,True,True,False,duesseldorf
2018,5673,https://www.bast.de/videos/2018/zst5673.zip,True,True,False,cologne
2018,5004,https://www.bast.de/videos/2018/zst5004.zip,True,True,True,cologne
2018,5048,https://www.bast.de/videos/2018/zst5048.zip,True,True,False,cologne
2018,5010,https://www.bast.de/videos/2018/zst5010.zip,True,True,False,cologne
2018,5672,https://www.bast.de/videos/2018/zst5672.zip,True,True,True,cologne
2017,5262,https://www.bast.de/videos/2017/zst5262.zip,True,True,False,duesseldorf
2017,3625,https://www.bast.de/videos/2017/zst3625.zip,True,True,False,berlin
2017,2066,https://www.bast.de/videos/2017/zst2066.zip,True,True,False,berlin
2018,5032,https://www.bast.de/videos/2018/zst5032.zip,True,True,True,cologne
2018,2013,https://www.bast.de/videos/2018/zst2013.zip,True,True,False,berlin
2017,3718,https://www.bast.de/videos/2017/zst3718.zip,True,True,True,berlin
2017,2063,https://www.bast.de/videos/2017/zst2063.zip,True,True,False,berlin
2017,2065,https://www.bast.de/videos/2017/zst2065.zip,True,True,False,berlin
2017,3717,https://www.bast.de/videos/2017/zst3717.zip,True,True,True,berlin
2017,2062,https://www.bast.de/videos/2017/zst2062.zip,True,True,False,berlin
2017,5031,https://www.bast.de/videos/2017/zst5031.zip,True,True,True,duesseldorf
2017,2064,https://www.bast.de/videos/2017/zst2064.zip,True,True,False,berlin
2017,3632,https://www.bast.de/videos/2017/zst3632.zip,True,True,False,berlin
2017,2061,https://www.bast.de/videos/2017/zst2061.zip,True,True,False,berlin
2017,5036,https://www.bast.de/videos/2017/zst5036.zip,True,True,False,cologne
2017,2002,https://www.bast.de/videos/2017/zst2002.zip,True,True,False,berlin
2017,3615,https://www.bast.de/videos/2017/zst3615.zip,True,True,False,berlin
2017,2012,https://www.bast.de/videos/2017/zst2012.zip,True,True,False,berlin
2017,2013,https://www.bast.de/videos/2017/zst2013.zip,True,True,False,berlin
2017,2011,https://www.bast.de/videos/2017/zst2011.zip,True,True,False,berlin
2017,2008,https://www.bast.de/videos/2017/zst2008.zip,True,True,False,berlin
2017,2010,https://www.bast.de/videos/2017/zst2010.zip,True,True,False,berlin
2017,3631,https://www.bast.de/videos/2017/zst3631.zip,True,True,True,berlin
2017,2004,https://www.bast.de/videos/2017/zst2004.zip,True,True,True,berlin
2017,2006,https://www.bast.de/videos/2017/zst2006.zip,True,True,False,berlin
2017,2005,https://www.bast.de/videos/2017/zst2005.zip,True,True,True,berlin
2017,2014,https://www.bast.de/videos/2017/zst2014.zip,True,True,False,berlin
2017,2003,https://www.bast.de/videos/2017/zst2003.zip,True,True,True,berlin
2017,5674,https://www.bast.de/videos/2017/zst5674.zip,True,True,False,cologne
2017,5090,https://www.bast.de/videos/2017/zst5090.zip,True,True,False,duesseldorf
2017,5601,https://www.bast.de/videos/2017/zst5601.zip,True,True,False,duesseldorf
2017,5670,https://www.bast.de/videos/2017/zst5670.zip,True,True,False,duesseldorf
2017,5014,https://www.bast.de/videos/2017/zst5014.zip,True,True,False,duesseldorf
2017,5040,https://www.bast.de/videos/2017/zst5040.zip,True,True,False,duesseldorf
2017,5030,https://www.bast.de/videos/2017/zst5030.zip,True,True,False,duesseldorf
2017,5061,https://www.bast.de/videos/2017/zst5061.zip,True,True,True,duesseldorf
2017,5027,https://www.bast.de/videos/2017/zst5027.zip,True,True,False,duesseldorf
2017,3667,https://www.bast.de/videos/2017/zst3667.zip,True,True,False,berlin
2017,3629,https://www.bast.de/videos/2017/zst3629.zip,True,True,False,berlin
2017,3606,https://www.bast.de/videos/2017/zst3606.zip,True,True,False,berlin
2017,5686,https://www.bast.de/videos/2017/zst5686.zip,True,True,True,duesseldorf
2017,5049,https://www.bast.de/videos/2017/zst5049.zip,True,True,False,cologne
2017,5053,https://www.bast.de/videos/2017/zst5053.zip,True,True,False,cologne
2017,3602,https://www.bast.de/videos/2017/zst3602.zip,True,True,False,berlin
2017,5097,https://www.bast.de/videos/2017/zst5097.zip,True,True,True,duesseldorf
2017,5021,https://www.bast.de/videos/2017/zst5021.zip,True,True,False,cologne
2017,5673,https://www.bast.de/videos/2017/zst5673.zip,True,True,False,cologne
2017,5065,https://www.bast.de/videos/2017/zst5065.zip,True,True,False,duesseldorf
2017,5655,https://www.bast.de/videos/2017/zst5655.zip,True,True,False,duesseldorf
2017,5048,https://www.bast.de/videos/2017/zst5048.zip,True,True,False,cologne
2017,5010,https://www.bast.de/videos/2017/zst5010.zip,True,True,False,cologne
2017,5004,https://www.bast.de/videos/2017/zst5004.zip,True,True,True,cologne
2017,5672,https://www.bast.de/videos/2017/zst5672.zip,True,True,True,cologne
2016,3625,https://www.bast.de/videos/2016/zst3625.zip,True,True,False,berlin
2016,5262,https://www.bast.de/videos/2016/zst5262.zip,True,True,False,duesseldorf
2017,5032,https://www.bast.de/videos/2017/zst5032.zip,True,True,True,cologne
2016,3718,https://www.bast.de/videos/2016/zst3718.zip,True,True,False,berlin
2016,2066,https://www.bast.de/videos/2016/zst2066.zip,True,True,False,berlin
2016,3717,https://www.bast.de/videos/2016/zst3717.zip,True,True,False,berlin
2016,5031,https://www.bast.de/videos/2016/zst5031.zip,True,True,False,duesseldorf
2016,2063,https://www.bast.de/videos/2016/zst2063.zip,True,True,False,berlin
2016,2062,https://www.bast.de/videos/2016/zst2062.zip,True,True,False,berlin
2016,2065,https://www.bast.de/videos/2016/zst2065.zip,True,True,False,berlin
2016,2061,https://www.bast.de/videos/2016/zst2061.zip,True,True,False,berlin
2016,2064,https://www.bast.de/videos/2016/zst2064.zip,True,True,False,berlin
2016,3632,https://www.bast.de/videos/2016/zst3632.zip,True,True,False,berlin
2016,2002,https://www.bast.de/videos/2016/zst2002.zip,True,True,False,berlin
2016,5036,https://www.bast.de/videos/2016/zst5036.zip,True,True,False,cologne
2016,2011,https://www.bast.de/videos/2016/zst2011.zip,True,True,False,berlin
2016,2013,https://www.bast.de/videos/2016/zst2013.zip,True,True,False,berlin
2016,3615,https://www.bast.de/videos/2016/zst3615.zip,True,True,False,berlin
2016,2012,https://www.bast.de/videos/2016/zst2012.zip,True,True,False,berlin
2016,2008,https://www.bast.de/videos/2016/zst2008.zip,True,True,False,berlin
2016,2004,https://www.bast.de/videos/2016/zst2004.zip,True,True,False,berlin
2016,2010,https://www.bast.de/videos/2016/zst2010.zip,True,True,False,berlin
2016,2005,https://www.bast.de/videos/2016/zst2005.zip,True,True,False,berlin
2016,3631,https://www.bast.de/videos/2016/zst3631.zip,True,True,True,berlin
2016,2003,https://www.bast.de/videos/2016/zst2003.zip,True,True,False,berlin
2016,2014,https://www.bast.de/videos/2016/zst2014.zip,True,True,False,berlin
2016,2006,https://www.bast.de/videos/2016/zst2006.zip,True,True,False,berlin
2016,5090,https://www.bast.de/videos/2016/zst5090.zip,True,True,False,duesseldorf
2016,5670,https://www.bast.de/videos/2016/zst5670.zip,True,True,False,duesseldorf
2016,5601,https://www.bast.de/videos/2016/zst5601.zip,True,True,False,duesseldorf
2016,5061,https://www.bast.de/videos/2016/zst5061.zip,True,True,False,duesseldorf
2016,5014,https://www.bast.de/videos/2016/zst5014.zip,True,True,False,duesseldorf
2016,5674,https://www.bast.de/videos/2016/zst5674.zip,True,True,True,cologne
2016,5040,https://www.bast.de/videos/2016/zst5040.zip,True,True,False,duesseldorf
2016,5030,https://www.bast.de/videos/2016/zst5030.zip,True,True,False,duesseldorf
2016,5027,https://www.bast.de/videos/2016/zst5027.zip,True,True,False,duesseldorf
2016,5097,https://www.bast.de/videos/2016/zst5097.zip,True,True,False,duesseldorf
2016,5686,https://www.bast.de/videos/2016/zst5686.zip,True,True,False,duesseldorf
2016,3629,https://www.bast.de/videos/2016/zst3629.zip,True,True,False,berlin
2016,3667,https://www.bast.de/videos/2016/zst3667.zip,True,True,False,berlin
2016,3606,https://www.bast.de/videos/2016/zst3606.zip,True,True,False,berlin
2016,3602,https://www.bast.de/videos/2016/zst3602.zip,True,True,False,berlin
2016,5049,https://www.bast.de/videos/2016/zst5049.zip,True,True,False,cologne
2016,5053,https://www.bast.de/videos/2016/zst5053.zip,True,True,False,cologne
2016,5021,https://www.bast.de/videos/2016/zst5021.zip,True,True,False,cologne
2016,5655,https://www.bast.de/videos/2016/zst5655.zip,True,True,False,duesseldorf
2016,5065,https://www.bast.de/videos/2016/zst5065.zip,True,True,False,duesseldorf
2016,5673,https://www.bast.de/videos/2016/zst5673.zip,True,True,False,cologne
2016,5004,https://www.bast.de/videos/2016/zst5004.zip,True,True,True,cologne
2016,5048,https://www.bast.de/videos/2016/zst5048.zip,True,True,False,cologne
2016,5010,https://www.bast.de/videos/2016/zst5010.zip,True,True,False,cologne
2015,3625,https://www.bast.de/videos/2015/zst3625.zip,True,True,False,berlin
2015,5262,https://www.bast.de/videos/2015/zst5262.zip,True,True,False,duesseldorf
2015,2066,https://www.bast.de/videos/2015/zst2066.zip,True,True,False,berlin
2016,5032,https://www.bast.de/videos/2016/zst5032.zip,True,True,True,cologne
2016,5672,https://www.bast.de/videos/2016/zst5672.zip,True,True,True,cologne
2015,3717,https://www.bast.de/videos/2015/zst3717.zip,True,True,False,berlin
2015,3718,https://www.bast.de/videos/2015/zst3718.zip,True,True,False,berlin
2015,2063,https://www.bast.de/videos/2015/zst2063.zip,True,True,False,berlin
2015,5031,https://www.bast.de/videos/2015/zst5031.zip,True,True,False,duesseldorf
2015,2062,https://www.bast.de/videos/2015/zst2062.zip,True,True,False,berlin
2015,2065,https://www.bast.de/videos/2015/zst2065.zip,True,True,False,berlin
2015,3632,https://www.bast.de/videos/2015/zst3632.zip,True,True,False,berlin
2015,2061,https://www.bast.de/videos/2015/zst2061.zip,True,True,False,berlin
2015,2002,https://www.bast.de/videos/2015/zst2002.zip,True,True,False,berlin
2015,5036,https://www.bast.de/videos/2015/zst5036.zip,True,True,False,cologne
2015,2064,https://www.bast.de/videos/2015/zst2064.zip,True,True,False,berlin
2015,3615,https://www.bast.de/videos/2015/zst3615.zip,True,True,False,berlin
2015,2011,https://www.bast.de/videos/2015/zst2011.zip,True,True,False,berlin
2015,2012,https://www.bast.de/videos/2015/zst2012.zip,True,True,False,berlin
2015,2013,https://www.bast.de/videos/2015/zst2013.zip,True,True,False,berlin
2015,2008,https://www.bast.de/videos/2015/zst2008.zip,True,True,False,berlin
2015,2010,https://www.bast.de/videos/2015/zst2010.zip,True,True,False,berlin
2015,2005,https://www.bast.de/videos/2015/zst2005.zip,True,True,False,berlin
2015,2004,https://www.bast.de/videos/2015/zst2004.zip,True,True,False,berlin
2015,3631,https://www.bast.de/videos/2015/zst3631.zip,True,True,True,berlin
2015,2006,https://www.bast.de/videos/2015/zst2006.zip,True,True,False,berlin
2015,2003,https://www.bast.de/videos/2015/zst2003.zip,True,True,False,berlin
2015,5090,https://www.bast.de/videos/2015/zst5090.zip,True,True,False,duesseldorf
2015,2014,https://www.bast.de/videos/2015/zst2014.zip,True,True,False,berlin
2015,5674,https://www.bast.de/videos/2015/zst5674.zip,True,True,False,cologne
2015,5670,https://www.bast.de/videos/2015/zst5670.zip,True,True,False,duesseldorf
2015,5061,https://www.bast.de/videos/2015/zst5061.zip,True,True,False,duesseldorf
2015,5601,https://www.bast.de/videos/2015/zst5601.zip,True,True,False,duesseldorf
2015,5014,https://www.bast.de/videos/2015/zst5014.zip,True,True,False,duesseldorf
2015,5030,https://www.bast.de/videos/2015/zst5030.zip,True,True,False,duesseldorf
2015,5027,https://www.bast.de/videos/2015/zst5027.zip,True,True,False,duesseldorf
2015,5040,https://www.bast.de/videos/2015/zst5040.zip,True,True,False,duesseldorf
2015,5097,https://www.bast.de/videos/2015/zst5097.zip,True,True,False,duesseldorf
2015,5686,https://www.bast.de/videos/2015/zst5686.zip,True,True,False,duesseldorf
2015,3606,https://www.bast.de/videos/2015/zst3606.zip,True,True,False,berlin
2015,3629,https://www.bast.de/videos/2015/zst3629.zip,True,True,False,berlin
2015,5049,https://www.bast.de/videos/2015/zst5049.zip,True,True,False,cologne
2015,5053,https://www.bast.de/videos/2015/zst5053.zip,True,True,False,cologne
2015,3602,https://www.bast.de/videos/2015/zst3602.zip,True,True,False,berlin
2015,5021,https://www.bast.de/videos/2015/zst5021.zip,True,True,False,cologne
2015,5655,https://www.bast.de/videos/2015/zst5655.zip,True,True,False,duesseldorf
2015,5065,https://www.bast.de/videos/2015/zst5065.zip,True,True,False,duesseldorf
2015,3667,https://www.bast.de/videos/2015/zst3667.zip,True,True,True,berlin
2015,5004,https://www.bast.de/videos/2015/zst5004.zip,True,True,False,cologne
2015,5673,https://www.bast.de/videos/2015/zst5673.zip,True,True,False,cologne
2015,5672,https://www.bast.de/videos/2015/zst5672.zip,True,True,False,cologne
2015,5048,https://www.bast.de/videos/2015/zst5048.zip,True,True,False,cologne
2015,5010,https://www.bast.de/videos/2015/zst5010.zip,True,True,False,cologne
2014,5262,https://www.bast.de/videos/2014/zst5262.zip,True,True,False,duesseldorf
2015,5032,https://www.bast.de/videos/2015/zst5032.zip,True,True,True,cologne
2014,2066,https://www.bast.de/videos/2014/zst2066.zip,True,True,False,berlin
2014,3625,https://www.bast.de/videos/2014/zst3625.zip,True,True,False,berlin
2014,3718,https://www.bast.de/videos/2014/zst3718.zip,True,True,False,berlin
2014,3717,https://www.bast.de/videos/2014/zst3717.zip,True,True,False,berlin
2014,2062,https://www.bast.de/videos/2014/zst2062.zip,True,True,False,berlin
2014,2063,https://www.bast.de/videos/2014/zst2063.zip,True,True,False,berlin
2014,5031,https://www.bast.de/videos/2014/zst5031.zip,True,True,False,duesseldorf
2014,3632,https://www.bast.de/videos/2014/zst3632.zip,True,True,False,berlin
2014,2065,https://www.bast.de/videos/2014/zst2065.zip,True,True,False,berlin
2014,2061,https://www.bast.de/videos/2014/zst2061.zip,True,True,False,berlin
2014,2064,https://www.bast.de/videos/2014/zst2064.zip,True,True,False,berlin
2014,5036,https://www.bast.de/videos/2014/zst5036.zip,True,True,False,cologne
2014,2002,https://www.bast.de/videos/2014/zst2002.zip,True,True,False,berlin
2014,3615,https://www.bast.de/videos/2014/zst3615.zip,True,True,False,berlin
2014,2012,https://www.bast.de/videos/2014/zst2012.zip,True,True,False,berlin
2014,2011,https://www.bast.de/videos/2014/zst2011.zip,True,True,False,berlin
2014,2013,https://www.bast.de/videos/2014/zst2013.zip,True,True,False,berlin
2014,3614,https://www.bast.de/videos/2014/zst3614.zip,True,True,False,berlin
2014,2010,https://www.bast.de/videos/2014/zst2010.zip,True,True,False,berlin
2014,2008,https://www.bast.de/videos/2014/zst2008.zip,True,True,False,berlin
2014,2004,https://www.bast.de/videos/2014/zst2004.zip,True,True,False,berlin
2014,2005,https://www.bast.de/videos/2014/zst2005.zip,True,True,False,berlin
2014,3631,https://www.bast.de/videos/2014/zst3631.zip,True,True,True,berlin
2014,2009,https://www.bast.de/videos/2014/zst2009.zip,True,True,False,berlin
2014,2003,https://www.bast.de/videos/2014/zst2003.zip,True,True,False,berlin
2014,2006,https://www.bast.de/videos/2014/zst2006.zip,True,True,False,berlin
2014,5670,https://www.bast.de/videos/2014/zst5670.zip,True,True,False,duesseldorf
2014,5090,https://www.bast.de/videos/2014/zst5090.zip,True,True,True,duesseldorf
2014,5601,https://www.bast.de/videos/2014/zst5601.zip,True,True,False,duesseldorf
2014,5061,https://www.bast.de/videos/2014/zst5061.zip,True,True,False,duesseldorf
2014,5014,https://www.bast.de/videos/2014/zst5014.zip,True,True,False,duesseldorf
2014,5030,https://www.bast.de/videos/2014/zst5030.zip,True,True,False,duesseldorf
2014,5027,https://www.bast.de/videos/2014/zst5027.zip,True,True,False,duesseldorf
2014,5040,https://www.bast.de/videos/2014/zst5040.zip,True,True,False,duesseldorf
2014,5686,https://www.bast.de/videos/2014/zst5686.zip,True,True,False,duesseldorf
2014,3606,https://www.bast.de/videos/2014/zst3606.zip,True,True,False,berlin
2014,3629,https://www.bast.de/videos/2014/zst3629.zip,True,True,False,berlin
2014,3667,https://www.bast.de/videos/2014/zst3667.zip,True,True,False,berlin
2014,5097,https://www.bast.de/videos/2014/zst5097.zip,True,True,True,duesseldorf
2014,5674,https://www.bast.de/videos/2014/zst5674.zip,True,True,False,cologne
2014,5049,https://www.bast.de/videos/2014/zst5049.zip,True,True,False,cologne
2014,3602,https://www.bast.de/videos/2014/zst3602.zip,True,True,False,berlin
2014,5053,https://www.bast.de/videos/2014/zst5053.zip,True,True,False,cologne
2014,5004,https://www.bast.de/videos/2014/zst5004.zip,True,True,False,cologne
2014,5021,https://www.bast.de/videos/2014/zst5021.zip,True,True,False,cologne
2014,5065,https://www.bast.de/videos/2014/zst5065.zip,True,True,False,duesseldorf
2014,5655,https://www.bast.de/videos/2014/zst5655.zip,True,True,False,duesseldorf
2014,5048,https://www.bast.de/videos/2014/zst5048.zip,True,True,False,cologne
2014,5672,https://www.bast.de/videos/2014/zst5672.zip,True,True,False,cologne
2014,5673,https://www.bast.de/videos/2014/zst5673.zip,True,True,False,cologne
2014,5032,https://www.bast.de/videos/2014/zst5032.zip,True,True,False,cologne
2014,5010,https://www.bast.de/videos/2014/zst5010.zip,True,True,False,cologne
2013,5262,https://www.bast.de/videos/2013/zst5262.zip,True,True,False,duesseldorf
2013,2066,https://www.bast.de/videos/2013/zst2066.zip,True,True,False,berlin
2013,3717,https://www.bast.de/videos/2013/zst3717.zip,True,True,False,berlin
2013,3718,https://www.bast.de/videos/2013/zst3718.zip,True,True,False,berlin
2013,3625,https://www.bast.de/videos/2013/zst3625.zip,True,True,False,berlin
2013,5031,https://www.bast.de/videos/2013/zst5031.zip,True,True,False,duesseldorf
2013,2063,https://www.bast.de/videos/2013/zst2063.zip,True,True,False,berlin
2013,2062,https://www.bast.de/videos/2013/zst2062.zip,True,True,False,berlin
2013,3632,https://www.bast.de/videos/2013/zst3632.zip,True,True,False,berlin
2013,2065,https://www.bast.de/videos/2013/zst2065.zip,True,True,False,berlin
2013,2064,https://www.bast.de/videos/2013/zst2064.zip,True,True,False,berlin
2013,2061,https://www.bast.de/videos/2013/zst2061.zip,True,True,False,berlin
2013,5036,https://www.bast.de/videos/2013/zst5036.zip,True,True,False,cologne
2013,3615,https://www.bast.de/videos/2013/zst3615.zip,True,True,False,berlin
2013,2002,https://www.bast.de/videos/2013/zst2002.zip,True,True,False,berlin
2013,2011,https://www.bast.de/videos/2013/zst2011.zip,True,True,False,berlin
2013,2012,https://www.bast.de/videos/2013/zst2012.zip,True,True,False,berlin
2013,2013,https://www.bast.de/videos/2013/zst2013.zip,True,True,False,berlin
2013,3614,https://www.bast.de/videos/2013/zst3614.zip,True,True,False,berlin
2013,2008,https://www.bast.de/videos/2013/zst2008.zip,True,True,False,berlin
2013,2010,https://www.bast.de/videos/2013/zst2010.zip,True,True,False,berlin
2013,2004,https://www.bast.de/videos/2013/zst2004.zip,True,True,False,berlin
2013,3631,https://www.bast.de/videos/2013/zst3631.zip,True,True,True,berlin
2013,2005,https://www.bast.de/videos/2013/zst2005.zip,True,True,False,berlin
2013,2009,https://www.bast.de/videos/2013/zst2009.zip,True,True,False,berlin
2013,2003,https://www.bast.de/videos/2013/zst2003.zip,True,True,False,berlin
2013,5670,https://www.bast.de/videos/2013/zst5670.zip,True,True,False,duesseldorf
2013,2006,https://www.bast.de/videos/2013/zst2006.zip,True,True,False,berlin
2013,5674,https://www.bast.de/videos/2013/zst5674.zip,True,True,False,cologne
2013,5061,https://www.bast.de/videos/2013/zst5061.zip,True,True,False,duesseldorf
2013,5601,https://www.bast.de/videos/2013/zst5601.zip,True,True,False,duesseldorf
2013,5030,https://www.bast.de/videos/2013/zst5030.zip,True,True,False,duesseldorf
2013,5014,https://www.bast.de/videos/2013/zst5014.zip,True,True,False,duesseldorf
2013,5040,https://www.bast.de/videos/2013/zst5040.zip,True,True,False,duesseldorf
2013,5027,https://www.bast.de/videos/2013/zst5027.zip,True,True,False,duesseldorf
2013,5686,https://www.bast.de/videos/2013/zst5686.zip,True,True,False,duesseldorf
2013,3606,https://www.bast.de/videos/2013/zst3606.zip,True,True,False,berlin
2013,3629,https://www.bast.de/videos/2013/zst3629.zip,True,True,False,berlin
2013,3602,https://www.bast.de/videos/2013/zst3602.zip,True,True,False,berlin
2013,5049,https://www.bast.de/videos/2013/zst5049.zip,True,True,False,cologne
2013,3667,https://www.bast.de/videos/2013/zst3667.zip,True,True,False,berlin
2013,5053,https://www.bast.de/videos/2013/zst5053.zip,True,True,False,cologne
2013,5021,https://www.bast.de/videos/2013/zst5021.zip,True,True,False,cologne
2013,5655,https://www.bast.de/videos/2013/zst5655.zip,True,True,False,duesseldorf
2013,5004,https://www.bast.de/videos/2013/zst5004.zip,True,True,False,cologne
2013,5673,https://www.bast.de/videos/2013/zst5673.zip,True,True,False,cologne
2013,5065,https://www.bast.de/videos/2013/zst5065.zip,True,True,False,duesseldorf
2013,5672,https://www.bast.de/videos/2013/zst5672.zip,True,True,False,cologne
2013,5032,https://www.bast.de/videos/2013/zst5032.zip,True,True,False,cologne
2012,5262,https://www.bast.de/videos/2012/zst5262.zip,True,True,False,duesseldorf
2013,5048,https://www.bast.de/videos/2013/zst5048.zip,True,True,False,cologne
2013,5010,https://www.bast.de/videos/2013/zst5010.zip,True,True,False,cologne
2012,3625,https://www.bast.de/videos/2012/zst3625.zip,True,True,False,berlin
2012,3718,https://www.bast.de/videos/2012/zst3718.zip,True,True,False,berlin
2012,2066,https://www.bast.de/videos/2012/zst2066.zip,True,True,False,berlin
2012,3717,https://www.bast.de/videos/2012/zst3717.zip,True,True,False,berlin
2012,2063,https://www.bast.de/videos/2012/zst2063.zip,True,True,False,berlin
2012,5031,https://www.bast.de/videos/2012/zst5031.zip,True,True,False,duesseldorf
2012,2062,https://www.bast.de/videos/2012/zst2062.zip,True,True,False,berlin
2012,3632,https://www.bast.de/videos/2012/zst3632.zip,True,True,False,berlin
2012,2065,https://www.bast.de/videos/2012/zst2065.zip,True,True,False,berlin
2012,2061,https://www.bast.de/videos/2012/zst2061.zip,True,True,False,berlin
2012,2064,https://www.bast.de/videos/2012/zst2064.zip,True,True,False,berlin
2012,2002,https://www.bast.de/videos/2012/zst2002.zip,True,True,False,berlin
2012,5036,https://www.bast.de/videos/2012/zst5036.zip,True,True,False,cologne
2012,2011,https://www.bast.de/videos/2012/zst2011.zip,True,True,False,berlin
2012,3615,https://www.bast.de/videos/2012/zst3615.zip,True,True,False,berlin
2012,2013,https://www.bast.de/videos/2012/zst2013.zip,True,True,False,berlin
2012,2012,https://www.bast.de/videos/2012/zst2012.zip,True,True,False,berlin
2012,2008,https://www.bast.de/videos/2012/zst2008.zip,True,True,False,berlin
2012,3614,https://www.bast.de/videos/2012/zst3614.zip,True,True,False,berlin
2012,2010,https://www.bast.de/videos/2012/zst2010.zip,True,True,False,berlin
2012,2004,https://www.bast.de/videos/2012/zst2004.zip,True,True,False,berlin
2012,2009,https://www.bast.de/videos/2012/zst2009.zip,True,True,False,berlin
2012,2005,https://www.bast.de/videos/2012/zst2005.zip,True,True,False,berlin
2012,3631,https://www.bast.de/videos/2012/zst3631.zip,True,True,True,berlin
2012,2003,https://www.bast.de/videos/2012/zst2003.zip,True,True,False,berlin
2012,2006,https://www.bast.de/videos/2012/zst2006.zip,True,True,False,berlin
2012,5674,https://www.bast.de/videos/2012/zst5674.zip,True,True,False,cologne
2012,5670,https://www.bast.de/videos/2012/zst5670.zip,True,True,False,duesseldorf
2012,5061,https://www.bast.de/videos/2012/zst5061.zip,True,True,False,duesseldorf
2012,5601,https://www.bast.de/videos/2012/zst5601.zip,True,True,False,duesseldorf
2012,5014,https://www.bast.de/videos/2012/zst5014.zip,True,True,False,duesseldorf
2012,5030,https://www.bast.de/videos/2012/zst5030.zip,True,True,False,duesseldorf
2012,5027,https://www.bast.de/videos/2012/zst5027.zip,True,True,False,duesseldorf
2012,5040,https://www.bast.de/videos/2012/zst5040.zip,True,True,False,duesseldorf
2012,5686,https://www.bast.de/videos/2012/zst5686.zip,True,True,False,duesseldorf
2012,3629,https://www.bast.de/videos/2012/zst3629.zip,True,True,False,berlin
2012,3606,https://www.bast.de/videos/2012/zst3606.zip,True,True,False,berlin
2012,3602,https://www.bast.de/videos/2012/zst3602.zip,True,True,False,berlin
2012,3667,https://www.bast.de/videos/2012/zst3667.zip,True,True,False,berlin
2012,5049,https://www.bast.de/videos/2012/zst5049.zip,True,True,False,cologne
2012,5021,https://www.bast.de/videos/2012/zst5021.zip,True,True,False,cologne
2012,5053,https://www.bast.de/videos/2012/zst5053.zip,True,True,False,cologne
2012,5004,https://www.bast.de/videos/2012/zst5004.zip,True,True,False,cologne
2012,5655,https://www.bast.de/videos/2012/zst5655.zip,True,True,False,duesseldorf
2012,5065,https://www.bast.de/videos/2012/zst5065.zip,True,True,False,duesseldorf
2012,5672,https://www.bast.de/videos/2012/zst5672.zip,True,True,False,cologne
2012,5032,https://www.bast.de/videos/2012/zst5032.zip,True,True,False,cologne
2012,5010,https://www.bast.de/videos/2012/zst5010.zip,True,True,False,cologne
2012,5673,https://www.bast.de/videos/2012/zst5673.zip,True,True,False,cologne
2012,5048,https://www.bast.de/videos/2012/zst5048.zip,True,True,False,cologne
2011,5262,https://www.bast.de/videos/2011/zst5262.zip,True,True,False,duesseldorf
2011,3625,https://www.bast.de/videos/2011/zst3625.zip,True,True,False,berlin
2011,3717,https://www.bast.de/videos/2011/zst3717.zip,True,True,False,berlin
2011,2066,https://www.bast.de/videos/2011/zst2066.zip,True,True,False,berlin
2011,3718,https://www.bast.de/videos/2011/zst3718.zip,True,True,False,berlin
2011,2063,https://www.bast.de/videos/2011/zst2063.zip,True,True,False,berlin
2011,2062,https://www.bast.de/videos/2011/zst2062.zip,True,True,False,berlin
2011,5031,https://www.bast.de/videos/2011/zst5031.zip,True,True,False,duesseldorf
2011,2065,https://www.bast.de/videos/2011/zst2065.zip,True,True,False,berlin
2011,3632,https://www.bast.de/videos/2011/zst3632.zip,True,True,False,berlin
2011,2002,https://www.bast.de/videos/2011/zst2002.zip,True,True,False,berlin
2011,2061,https://www.bast.de/videos/2011/zst2061.zip,True,True,False,berlin
2011,2064,https://www.bast.de/videos/2011/zst2064.zip,True,True,False,berlin
2011,5036,https://www.bast.de/videos/2011/zst5036.zip,True,True,False,cologne
2011,3615,https://www.bast.de/videos/2011/zst3615.zip,True,True,False,berlin
2011,2011,https://www.bast.de/videos/2011/zst2011.zip,True,True,False,berlin
2011,2013,https://www.bast.de/videos/2011/zst2013.zip,True,True,False,berlin
2011,2012,https://www.bast.de/videos/2011/zst2012.zip,True,True,False,berlin
2011,3614,https://www.bast.de/videos/2011/zst3614.zip,True,True,False,berlin
2011,2008,https://www.bast.de/videos/2011/zst2008.zip,True,True,False,berlin
2011,2010,https://www.bast.de/videos/2011/zst2010.zip,True,True,False,berlin
2011,3631,https://www.bast.de/videos/2011/zst3631.zip,True,True,True,berlin
2011,2009,https://www.bast.de/videos/2011/zst2009.zip,True,True,False,berlin
2011,2003,https://www.bast.de/videos/2011/zst2003.zip,True,True,False,berlin
2011,2004,https://www.bast.de/videos/2011/zst2004.zip,True,True,True,berlin
2011,2006,https://www.bast.de/videos/2011/zst2006.zip,True,True,False,berlin
2011,5674,https://www.bast.de/videos/2011/zst5674.zip,True,True,False,cologne
2011,5061,https://www.bast.de/videos/2011/zst5061.zip,True,True,False,duesseldorf
2011,5670,https://www.bast.de/videos/2011/zst5670.zip,True,True,False,duesseldorf
2011,2005,https://www.bast.de/videos/2011/zst2005.zip,True,True,True,berlin
2011,5014,https://www.bast.de/videos/2011/zst5014.zip,True,True,False,duesseldorf
2011,5601,https://www.bast.de/videos/2011/zst5601.zip,True,True,False,duesseldorf
2011,5027,https://www.bast.de/videos/2011/zst5027.zip,True,True,False,duesseldorf
2011,5030,https://www.bast.de/videos/2011/zst5030.zip,True,True,False,duesseldorf
2011,5040,https://www.bast.de/videos/2011/zst5040.zip,True,True,False,duesseldorf
2011,5686,https://www.bast.de/videos/2011/zst5686.zip,True,True,False,duesseldorf
2011,3629,https://www.bast.de/videos/2011/zst3629.zip,True,True,False,berlin
2011,3602,https://www.bast.de/videos/2011/zst3602.zip,True,True,False,berlin
2011,3667,https://www.bast.de/videos/2011/zst3667.zip,True,True,False,berlin
2011,3606,https://www.bast.de/videos/2011/zst3606.zip,True,True,False,berlin
2011,5049,https://www.bast.de/videos/2011/zst5049.zip,True,True,False,cologne
2011,5053,https://www.bast.de/videos/2011/zst5053.zip,True,True,False,cologne
2011,5004,https://www.bast.de/videos/2011/zst5004.zip,True,True,False,cologne
2011,5021,https://www.bast.de/videos/2011/zst5021.zip,True,True,False,cologne
2011,5655,https://www.bast.de/videos/2011/zst5655.zip,True,True,False,duesseldorf
2011,5065,https://www.bast.de/videos/2011/zst5065.zip,True,True,False,duesseldorf
2011,5673,https://www.bast.de/videos/2011/zst5673.zip,True,True,False,cologne
2011,5672,https://www.bast.de/videos/2011/zst5672.zip,True,True,False,cologne
2011,5048,https://www.bast.de/videos/2011/zst5048.zip,True,True,False,cologne
2011,5032,https://www.bast.de/videos/2011/zst5032.zip,True,True,False,cologne
2010,5262,https://www.bast.de/videos/2010/zst5262.zip,True,True,False,duesseldorf
2011,5010,https://www.bast.de/videos/2011/zst5010.zip,True,True,False,cologne
2010,3625,https://www.bast.de/videos/2010/zst3625.zip,True,True,False,berlin
2010,3718,https://www.bast.de/videos/2010/zst3718.zip,True,True,False,berlin
2010,3717,https://www.bast.de/videos/2010/zst3717.zip,True,True,False,berlin
2010,5031,https://www.bast.de/videos/2010/zst5031.zip,True,True,False,duesseldorf
2010,2066,https://www.bast.de/videos/2010/zst2066.zip,True,True,True,berlin
2010,2063,https://www.bast.de/videos/2010/zst2063.zip,True,True,True,berlin
2010,2062,https://www.bast.de/videos/2010/zst2062.zip,True,True,True,berlin
2010,3632,https://www.bast.de/videos/2010/zst3632.zip,True,True,False,berlin
2010,2065,https://www.bast.de/videos/2010/zst2065.zip,True,True,True,berlin
2010,5036,https://www.bast.de/videos/2010/zst5036.zip,True,True,False,cologne
2010,3615,https://www.bast.de/videos/2010/zst3615.zip,True,True,False,berlin
2010,2061,https://www.bast.de/videos/2010/zst2061.zip,True,True,True,berlin
2010,2002,https://www.bast.de/videos/2010/zst2002.zip,True,True,True,berlin
2010,2064,https://www.bast.de/videos/2010/zst2064.zip,True,True,True,berlin
2010,2013,https://www.bast.de/videos/2010/zst2013.zip,True,True,True,berlin
2010,3614,https://www.bast.de/videos/2010/zst3614.zip,True,True,False,berlin
2010,2011,https://www.bast.de/videos/2010/zst2011.zip,True,True,True,berlin
2010,3631,https://www.bast.de/videos/2010/zst3631.zip,True,True,True,berlin
2010,2012,https://www.bast.de/videos/2010/zst2012.zip,True,True,True,berlin
2010,2008,https://www.bast.de/videos/2010/zst2008.zip,True,True,True,berlin
2010,2009,https://www.bast.de/videos/2010/zst2009.zip,True,True,True,berlin
2010,2010,https://www.bast.de/videos/2010/zst2010.zip,True,True,True,berlin
2010,2005,https://www.bast.de/videos/2010/zst2005.zip,True,True,True,berlin
2010,2004,https://www.bast.de/videos/2010/zst2004.zip,True,True,True,berlin
2010,5670,https://www.bast.de/videos/2010/zst5670.zip,True,True,False,duesseldorf
2010,5674,https://www.bast.de/videos/2010/zst5674.zip,True,True,False,cologne
2010,5061,https://www.bast.de/videos/2010/zst5061.zip,True,True,False,duesseldorf
2010,5014,https://www.bast.de/videos/2010/zst5014.zip,True,True,False,duesseldorf
2010,5601,https://www.bast.de/videos/2010/zst5601.zip,True,True,False,duesseldorf
2010,2003,https://www.bast.de/videos/2010/zst2003.zip,True,True,True,berlin
2010,5030,https://www.bast.de/videos/2010/zst5030.zip,True,True,False,duesseldorf
2010,2006,https://www.bast.de/videos/2010/zst2006.zip,True,True,True,berlin
2010,5040,https://www.bast.de/videos/2010/zst5040.zip,True,True,False,duesseldorf
2010,5027,https://www.bast.de/videos/2010/zst5027.zip,True,True,False,duesseldorf
2010,3629,https://www.bast.de/videos/2010/zst3629.zip,True,True,False,berlin
2010,5686,https://www.bast.de/videos/2010/zst5686.zip,True,True,False,duesseldorf
2010,3606,https://www.bast.de/videos/2010/zst3606.zip,True,True,False,berlin
2010,3602,https://www.bast.de/videos/2010/zst3602.zip,True,True,False,berlin
2010,3667,https://www.bast.de/videos/2010/zst3667.zip,True,True,False,berlin
2010,5049,https://www.bast.de/videos/2010/zst5049.zip,True,True,False,cologne
2010,5053,https://www.bast.de/videos/2010/zst5053.zip,True,True,False,cologne
2010,5021,https://www.bast.de/videos/2010/zst5021.zip,True,True,False,cologne
2010,5655,https://www.bast.de/videos/2010/zst5655.zip,True,True,False,duesseldorf
2010,5004,https://www.bast.de/videos/2010/zst5004.zip,True,True,False,cologne
2010,5065,https://www.bast.de/videos/2010/zst5065.zip,True,True,False,duesseldorf
2010,5673,https://www.bast.de/videos/2010/zst5673.zip,True,True,False,cologne
2010,5672,https://www.bast.de/videos/2010/zst5672.zip,True,True,False,cologne
2010,5032,https://www.bast.de/videos/2010/zst5032.zip,True,True,False,cologne
2010,5048,https://www.bast.de/videos/2010/zst5048.zip,True,True,False,cologne
2009,3625,https://www.bast.de/videos/2009/zst3625.zip,True,True,False,berlin
2009,3718,https://www.bast.de/videos/2009/zst3718.zip,True,True,False,berlin
2009,3717,https://www.bast.de/videos/2009/zst3717.zip,True,True,False,berlin
2009,2066,https://www.bast.de/videos/2009/zst2066.zip,True,True,True,berlin
2009,5031,https://www.bast.de/videos/2009/zst5031.zip,True,True,False,duesseldorf
2009,2063,https://www.bast.de/videos/2009/zst2063.zip,True,True,True,berlin
2009,3632,https://www.bast.de/videos/2009/zst3632.zip,True,True,False,berlin
2009,2062,https://www.bast.de/videos/2009/zst2062.zip,True,True,True,berlin
2009,2065,https://www.bast.de/videos/2009/zst2065.zip,True,True,True,berlin
2009,2061,https://www.bast.de/videos/2009/zst2061.zip,True,True,True,berlin
2009,2064,https://www.bast.de/videos/2009/zst2064.zip,True,True,True,berlin
2009,5036,https://www.bast.de/videos/2009/zst5036.zip,True,True,False,cologne
2009,3615,https://www.bast.de/videos/2009/zst3615.zip,True,True,False,berlin
2009,2011,https://www.bast.de/videos/2009/zst2011.zip,True,True,True,berlin
2009,2002,https://www.bast.de/videos/2009/zst2002.zip,True,True,True,berlin
2009,3631,https://www.bast.de/videos/2009/zst3631.zip,True,True,True,berlin
2009,3614,https://www.bast.de/videos/2009/zst3614.zip,True,True,False,berlin
2009,2004,https://www.bast.de/videos/2009/zst2004.zip,True,True,True,berlin
2009,2008,https://www.bast.de/videos/2009/zst2008.zip,True,True,True,berlin
2009,2010,https://www.bast.de/videos/2009/zst2010.zip,True,True,True,berlin
2009,2005,https://www.bast.de/videos/2009/zst2005.zip,True,True,True,berlin
2009,2009,https://www.bast.de/videos/2009/zst2009.zip,True,True,True,berlin
2009,2003,https://www.bast.de/videos/2009/zst2003.zip,True,True,True,berlin
2009,5674,https://www.bast.de/videos/2009/zst5674.zip,True,True,False,cologne
2009,5670,https://www.bast.de/videos/2009/zst5670.zip,True,True,False,duesseldorf
2009,2006,https://www.bast.de/videos/2009/zst2006.zip,True,True,True,berlin
2009,5061,https://www.bast.de/videos/2009/zst5061.zip,True,True,False,duesseldorf
2009,5601,https://www.bast.de/videos/2009/zst5601.zip,True,True,False,duesseldorf
2010,5010,https://www.bast.de/videos/2010/zst5010.zip,True,True,False,cologne
2009,5262,https://www.bast.de/videos/2009/zst5262.zip,True,True,False,duesseldorf
2009,5030,https://www.bast.de/videos/2009/zst5030.zip,True,True,False,duesseldorf
2009,5014,https://www.bast.de/videos/2009/zst5014.zip,True,True,False,duesseldorf
2009,5027,https://www.bast.de/videos/2009/zst5027.zip,True,True,False,duesseldorf
2009,5040,https://www.bast.de/videos/2009/zst5040.zip,True,True,False,duesseldorf
2009,5686,https://www.bast.de/videos/2009/zst5686.zip,True,True,False,duesseldorf
2009,3629,https://www.bast.de/videos/2009/zst3629.zip,True,True,False,berlin
2009,3667,https://www.bast.de/videos/2009/zst3667.zip,True,True,False,berlin
2009,3606,https://www.bast.de/videos/2009/zst3606.zip,True,True,False,berlin
2009,3602,https://www.bast.de/videos/2009/zst3602.zip,True,True,False,berlin
2009,5049,https://www.bast.de/videos/2009/zst5049.zip,True,True,False,cologne
2009,5053,https://www.bast.de/videos/2009/zst5053.zip,True,True,False,cologne
2009,5021,https://www.bast.de/videos/2009/zst5021.zip,True,True,False,cologne
2009,5004,https://www.bast.de/videos/2009/zst5004.zip,True,True,False,cologne
2009,5655,https://www.bast.de/videos/2009/zst5655.zip,True,True,False,duesseldorf
2009,5065,https://www.bast.de/videos/2009/zst5065.zip,True,True,False,duesseldorf
2009,5673,https://www.bast.de/videos/2009/zst5673.zip,True,True,False,cologne
2009,5048,https://www.bast.de/videos/2009/zst5048.zip,True,True,False,cologne
2009,5032,https://www.bast.de/videos/2009/zst5032.zip,True,True,False,cologne
2009,5672,https://www.bast.de/videos/2009/zst5672.zip,True,True,False,cologne
2009,5010,https://www.bast.de/videos/2009/zst5010.zip,True,True,False,cologne
2008,5262,https://www.bast.de/videos/2008/zst5262.zip,True,True,False,duesseldorf
2008,3625,https://www.bast.de/videos/2008/zst3625.zip,True,True,False,berlin
2008,3718,https://www.bast.de/videos/2008/zst3718.zip,True,True,False,berlin
2008,3717,https://www.bast.de/videos/2008/zst3717.zip,True,True,False,berlin
2008,5031,https://www.bast.de/videos/2008/zst5031.zip,True,True,False,duesseldorf
2008,2066,https://www.bast.de/videos/2008/zst2066.zip,True,True,True,berlin
2008,3702,https://www.bast.de/videos/2008/zst3702.zip,True,True,False,berlin
2008,2063,https://www.bast.de/videos/2008/zst2063.zip,True,True,True,berlin
2008,3632,https://www.bast.de/videos/2008/zst3632.zip,True,True,False,berlin
2008,2062,https://www.bast.de/videos/2008/zst2062.zip,True,True,True,berlin
2008,5036,https://www.bast.de/videos/2008/zst5036.zip,True,True,False,cologne
2008,2065,https://www.bast.de/videos/2008/zst2065.zip,True,True,True,berlin
2008,2064,https://www.bast.de/videos/2008/zst2064.zip,True,True,True,berlin
2008,2061,https://www.bast.de/videos/2008/zst2061.zip,True,True,True,berlin
2008,2002,https://www.bast.de/videos/2008/zst2002.zip,True,True,True,berlin
2008,3615,https://www.bast.de/videos/2008/zst3615.zip,True,True,False,berlin
2008,3614,https://www.bast.de/videos/2008/zst3614.zip,True,True,False,berlin
2008,3631,https://www.bast.de/videos/2008/zst3631.zip,True,True,True,berlin
2008,2011,https://www.bast.de/videos/2008/zst2011.zip,True,True,True,berlin
2008,2008,https://www.bast.de/videos/2008/zst2008.zip,True,True,True,berlin
2008,2010,https://www.bast.de/videos/2008/zst2010.zip,True,True,True,berlin
2008,2004,https://www.bast.de/videos/2008/zst2004.zip,True,True,True,berlin
2008,2006,https://www.bast.de/videos/2008/zst2006.zip,True,True,True,berlin
2008,2009,https://www.bast.de/videos/2008/zst2009.zip,True,True,True,berlin
2008,5674,https://www.bast.de/videos/2008/zst5674.zip,True,True,False,cologne
2008,2003,https://www.bast.de/videos/2008/zst2003.zip,True,True,True,berlin
2008,2005,https://www.bast.de/videos/2008/zst2005.zip,True,True,True,berlin
2008,5670,https://www.bast.de/videos/2008/zst5670.zip,True,True,False,duesseldorf
2008,5061,https://www.bast.de/videos/2008/zst5061.zip,True,True,False,duesseldorf
2008,5601,https://www.bast.de/videos/2008/zst5601.zip,True,True,False,duesseldorf
2008,5014,https://www.bast.de/videos/2008/zst5014.zip,True,True,False,duesseldorf
2008,5030,https://www.bast.de/videos/2008/zst5030.zip,True,True,False,duesseldorf
2008,5027,https://www.bast.de/videos/2008/zst5027.zip,True,True,False,duesseldorf
2008,5040,https://www.bast.de/videos/2008/zst5040.zip,True,True,False,duesseldorf
2008,5686,https://www.bast.de/videos/2008/zst5686.zip,True,True,False,duesseldorf
2008,3629,https://www.bast.de/videos/2008/zst3629.zip,True,True,False,berlin
2008,3606,https://www.bast.de/videos/2008/zst3606.zip,True,True,False,berlin
2008,3667,https://www.bast.de/videos/2008/zst3667.zip,True,True,False,berlin
2008,5049,https://www.bast.de/videos/2008/zst5049.zip,True,True,False,cologne
2008,3602,https://www.bast.de/videos/2008/zst3602.zip,True,True,False,berlin
2008,5004,https://www.bast.de/videos/2008/zst5004.zip,True,True,False,cologne
2008,5021,https://www.bast.de/videos/2008/zst5021.zip,True,True,False,cologne
2008,5053,https://www.bast.de/videos/2008/zst5053.zip,True,True,False,cologne
2008,5655,https://www.bast.de/videos/2008/zst5655.zip,True,True,False,duesseldorf
2008,5065,https://www.bast.de/videos/2008/zst5065.zip,True,True,False,duesseldorf
2008,5673,https://www.bast.de/videos/2008/zst5673.zip,True,True,False,cologne
2008,5672,https://www.bast.de/videos/2008/zst5672.zip,True,True,False,cologne
2008,5048,https://www.bast.de/videos/2008/zst5048.zip,True,True,False,cologne
2008,5010,https://www.bast.de/videos/2008/zst5010.zip,True,True,False,cologne
2008,5032,https://www.bast.de/videos/2008/zst5032.zip,True,True,False,cologne
2007,5262,https://www.bast.de/videos/2007/zst5262.zip,True,True,False,duesseldorf
2007,3625,https://www.bast.de/videos/2007/zst3625.zip,True,True,False,berlin
2007,3717,https://www.bast.de/videos/2007/zst3717.zip,True,True,False,berlin
2007,3718,https://www.bast.de/videos/2007/zst3718.zip,True,True,False,berlin
2007,5031,https://www.bast.de/videos/2007/zst5031.zip,True,True,False,duesseldorf
2007,2066,https://www.bast.de/videos/2007/zst2066.zip,True,True,True,berlin
2007,3702,https://www.bast.de/videos/2007/zst3702.zip,True,True,False,berlin
2007,3632,https://www.bast.de/videos/2007/zst3632.zip,True,True,False,berlin
2007,2065,https://www.bast.de/videos/2007/zst2065.zip,True,True,True,berlin
2007,2063,https://www.bast.de/videos/2007/zst2063.zip,True,True,True,berlin
2007,2062,https://www.bast.de/videos/2007/zst2062.zip,True,True,True,berlin
2007,5036,https://www.bast.de/videos/2007/zst5036.zip,True,True,False,cologne
2007,3615,https://www.bast.de/videos/2007/zst3615.zip,True,True,False,berlin
2007,2061,https://www.bast.de/videos/2007/zst2061.zip,True,True,True,berlin
2007,2002,https://www.bast.de/videos/2007/zst2002.zip,True,True,True,berlin
2007,2064,https://www.bast.de/videos/2007/zst2064.zip,True,True,True,berlin
2007,3614,https://www.bast.de/videos/2007/zst3614.zip,True,True,False,berlin
2007,3631,https://www.bast.de/videos/2007/zst3631.zip,True,True,True,berlin
2007,2011,https://www.bast.de/videos/2007/zst2011.zip,True,True,True,berlin
2007,2010,https://www.bast.de/videos/2007/zst2010.zip,True,True,True,berlin
2007,2008,https://www.bast.de/videos/2007/zst2008.zip,True,True,True,berlin
2007,2005,https://www.bast.de/videos/2007/zst2005.zip,True,True,True,berlin
2007,2004,https://www.bast.de/videos/2007/zst2004.zip,True,True,True,berlin
2007,2009,https://www.bast.de/videos/2007/zst2009.zip,True,True,True,berlin
2007,5674,https://www.bast.de/videos/2007/zst5674.zip,True,True,False,cologne
2007,5670,https://www.bast.de/videos/2007/zst5670.zip,True,True,False,duesseldorf
2007,2003,https://www.bast.de/videos/2007/zst2003.zip,True,True,True,berlin
2007,2006,https://www.bast.de/videos/2007/zst2006.zip,True,True,True,berlin
2007,5061,https://www.bast.de/videos/2007/zst5061.zip,True,True,False,duesseldorf
2007,5014,https://www.bast.de/videos/2007/zst5014.zip,True,True,False,duesseldorf
2007,5027,https://www.bast.de/videos/2007/zst5027.zip,True,True,False,duesseldorf
2007,5030,https://www.bast.de/videos/2007/zst5030.zip,True,True,False,duesseldorf
2007,5040,https://www.bast.de/videos/2007/zst5040.zip,True,True,False,duesseldorf
2007,5601,https://www.bast.de/videos/2007/zst5601.zip,True,True,True,duesseldorf
2007,5686,https://www.bast.de/videos/2007/zst5686.zip,True,True,False,duesseldorf
2007,3606,https://www.bast.de/videos/2007/zst3606.zip,True,True,False,berlin
2007,3629,https://www.bast.de/videos/2007/zst3629.zip,True,True,False,berlin
2007,3667,https://www.bast.de/videos/2007/zst3667.zip,True,True,False,berlin
2007,3602,https://www.bast.de/videos/2007/zst3602.zip,True,True,False,berlin
2007,5049,https://www.bast.de/videos/2007/zst5049.zip,True,True,False,cologne
2007,5053,https://www.bast.de/videos/2007/zst5053.zip,True,True,False,cologne
2007,5021,https://www.bast.de/videos/2007/zst5021.zip,True,True,False,cologne
2007,5065,https://www.bast.de/videos/2007/zst5065.zip,True,True,False,duesseldorf
2007,5004,https://www.bast.de/videos/2007/zst5004.zip,True,True,False,cologne
2007,5655,https://www.bast.de/videos/2007/zst5655.zip,True,True,False,duesseldorf
2007,5673,https://www.bast.de/videos/2007/zst5673.zip,True,True,False,cologne
2007,5672,https://www.bast.de/videos/2007/zst5672.zip,True,True,False,cologne
2007,5048,https://www.bast.de/videos/2007/zst5048.zip,True,True,False,cologne
2007,5010,https://www.bast.de/videos/2007/zst5010.zip,True,True,False,cologne
2007,5032,https://www.bast.de/videos/2007/zst5032.zip,True,True,False,cologne
2006,5262,https://www.bast.de/videos/2006/zst5262.zip,True,True,False,duesseldorf
2006,3625,https://www.bast.de/videos/2006/zst3625.zip,True,True,False,berlin
2006,2063,https://www.bast.de/videos/2006/zst2063.zip,True,True,True,berlin
2006,5031,https://www.bast.de/videos/2006/zst5031.zip,True,True,False,duesseldorf
2006,2066,https://www.bast.de/videos/2006/zst2066.zip,True,True,True,berlin
2006,3718,https://www.bast.de/videos/2006/zst3718.zip,True,True,True,berlin
2006,3717,https://www.bast.de/videos/2006/zst3717.zip,True,True,True,berlin
2006,2065,https://www.bast.de/videos/2006/zst2065.zip,True,True,True,berlin
2006,2062,https://www.bast.de/videos/2006/zst2062.zip,True,True,True,berlin
2006,3702,https://www.bast.de/videos/2006/zst3702.zip,True,True,True,berlin
2006,3632,https://www.bast.de/videos/2006/zst3632.zip,True,True,True,berlin
2006,5036,https://www.bast.de/videos/2006/zst5036.zip,True,True,False,cologne
2006,2061,https://www.bast.de/videos/2006/zst2061.zip,True,True,True,berlin
2006,3615,https://www.bast.de/videos/2006/zst3615.zip,True,True,False,berlin
2006,2064,https://www.bast.de/videos/2006/zst2064.zip,True,True,True,berlin
2006,3631,https://www.bast.de/videos/2006/zst3631.zip,True,True,False,berlin
2006,3614,https://www.bast.de/videos/2006/zst3614.zip,True,True,False,berlin
2006,2002,https://www.bast.de/videos/2006/zst2002.zip,True,True,True,berlin
2006,2011,https://www.bast.de/videos/2006/zst2011.zip,True,True,True,berlin
2006,2008,https://www.bast.de/videos/2006/zst2008.zip,True,True,True,berlin
2006,2009,https://www.bast.de/videos/2006/zst2009.zip,True,True,True,berlin
2006,2010,https://www.bast.de/videos/2006/zst2010.zip,True,True,True,berlin
2006,2005,https://www.bast.de/videos/2006/zst2005.zip,True,True,True,berlin
2006,2004,https://www.bast.de/videos/2006/zst2004.zip,True,True,True,berlin
2006,5674,https://www.bast.de/videos/2006/zst5674.zip,True,True,False,cologne
2006,2003,https://www.bast.de/videos/2006/zst2003.zip,True,True,True,berlin
2006,5670,https://www.bast.de/videos/2006/zst5670.zip,True,True,False,duesseldorf
2006,5061,https://www.bast.de/videos/2006/zst5061.zip,True,True,False,duesseldorf
2006,2006,https://www.bast.de/videos/2006/zst2006.zip,True,True,True,berlin
2006,5601,https://www.bast.de/videos/2006/zst5601.zip,True,True,False,duesseldorf
2006,5014,https://www.bast.de/videos/2006/zst5014.zip,True,True,False,duesseldorf
2006,5030,https://www.bast.de/videos/2006/zst5030.zip,True,True,False,duesseldorf
2006,5027,https://www.bast.de/videos/2006/zst5027.zip,True,True,False,duesseldorf
2006,5040,https://www.bast.de/videos/2006/zst5040.zip,True,True,False,duesseldorf
2006,5686,https://www.bast.de/videos/2006/zst5686.zip,True,True,False,duesseldorf
2006,3629,https://www.bast.de/videos/2006/zst3629.zip,True,True,False,berlin
2006,3606,https://www.bast.de/videos/2006/zst3606.zip,True,True,False,berlin
2006,3667,https://www.bast.de/videos/2006/zst3667.zip,True,True,False,berlin
2006,5049,https://www.bast.de/videos/2006/zst5049.zip,True,True,False,cologne
2006,3602,https://www.bast.de/videos/2006/zst3602.zip,True,True,False,berlin
2006,5053,https://www.bast.de/videos/2006/zst5053.zip,True,True,False,cologne
2006,5021,https://www.bast.de/videos/2006/zst5021.zip,True,True,False,cologne
2006,5004,https://www.bast.de/videos/2006/zst5004.zip,True,True,False,cologne
2006,5065,https://www.bast.de/videos/2006/zst5065.zip,True,True,False,duesseldorf
2006,5655,https://www.bast.de/videos/2006/zst5655.zip,True,True,False,duesseldorf
2006,5673,https://www.bast.de/videos/2006/zst5673.zip,True,True,False,cologne
2006,5672,https://www.bast.de/videos/2006/zst5672.zip,True,True,False,cologne
2006,5048,https://www.bast.de/videos/2006/zst5048.zip,True,True,False,cologne
2006,5032,https://www.bast.de/videos/2006/zst5032.zip,True,True,False,cologne
2006,5010,https://www.bast.de/videos/2006/zst5010.zip,True,True,False,cologne
2005,3625,https://www.bast.de/videos/2005/zst3625.zip,True,True,False,berlin
2005,5262,https://www.bast.de/videos/2005/zst5262.zip,True,True,False,duesseldorf
2005,2066,https://www.bast.de/videos/2005/zst2066.zip,True,True,False,berlin
2005,2063,https://www.bast.de/videos/2005/zst2063.zip,True,True,False,berlin
2005,5031,https://www.bast.de/videos/2005/zst5031.zip,True,True,False,duesseldorf
2005,2062,https://www.bast.de/videos/2005/zst2062.zip,True,True,False,berlin
2005,3702,https://www.bast.de/videos/2005/zst3702.zip,True,True,False,berlin
2005,2065,https://www.bast.de/videos/2005/zst2065.zip,True,True,True,berlin
2005,5036,https://www.bast.de/videos/2005/zst5036.zip,True,True,False,cologne
2005,2061,https://www.bast.de/videos/2005/zst2061.zip,True,True,True,berlin
2005,3632,https://www.bast.de/videos/2005/zst3632.zip,True,True,True,berlin
2005,2002,https://www.bast.de/videos/2005/zst2002.zip,True,True,False,berlin
2005,2064,https://www.bast.de/videos/2005/zst2064.zip,True,True,True,berlin
2005,3615,https://www.bast.de/videos/2005/zst3615.zip,True,True,False,berlin
2005,3614,https://www.bast.de/videos/2005/zst3614.zip,True,True,False,berlin
2005,2008,https://www.bast.de/videos/2005/zst2008.zip,True,True,False,berlin
2005,2010,https://www.bast.de/videos/2005/zst2010.zip,True,True,False,berlin
2005,2011,https://www.bast.de/videos/2005/zst2011.zip,True,True,True,berlin
2005,3631,https://www.bast.de/videos/2005/zst3631.zip,True,True,True,berlin
2005,2009,https://www.bast.de/videos/2005/zst2009.zip,True,True,True,berlin
2005,2004,https://www.bast.de/videos/2005/zst2004.zip,True,True,True,berlin
2005,2003,https://www.bast.de/videos/2005/zst2003.zip,True,True,True,berlin
2005,2005,https://www.bast.de/videos/2005/zst2005.zip,True,True,True,berlin
2005,2006,https://www.bast.de/videos/2005/zst2006.zip,True,True,True,berlin
2005,5674,https://www.bast.de/videos/2005/zst5674.zip,True,True,False,cologne
2005,5061,https://www.bast.de/videos/2005/zst5061.zip,True,True,False,duesseldorf
2005,5670,https://www.bast.de/videos/2005/zst5670.zip,True,True,False,duesseldorf
2005,5601,https://www.bast.de/videos/2005/zst5601.zip,True,True,False,duesseldorf
2005,5014,https://www.bast.de/videos/2005/zst5014.zip,True,True,False,duesseldorf
2005,5030,https://www.bast.de/videos/2005/zst5030.zip,True,True,False,duesseldorf
2005,5686,https://www.bast.de/videos/2005/zst5686.zip,True,True,False,duesseldorf
2005,5040,https://www.bast.de/videos/2005/zst5040.zip,True,True,False,duesseldorf
2005,5027,https://www.bast.de/videos/2005/zst5027.zip,True,True,False,duesseldorf
2005,3606,https://www.bast.de/videos/2005/zst3606.zip,True,True,False,berlin
2005,3629,https://www.bast.de/videos/2005/zst3629.zip,True,True,False,berlin
2005,5049,https://www.bast.de/videos/2005/zst5049.zip,True,True,False,cologne
2005,5053,https://www.bast.de/videos/2005/zst5053.zip,True,True,False,cologne
2005,5021,https://www.bast.de/videos/2005/zst5021.zip,True,True,False,cologne
2005,5004,https://www.bast.de/videos/2005/zst5004.zip,True,True,False,cologne
2005,3602,https://www.bast.de/videos/2005/zst3602.zip,True,True,True,berlin
2005,3667,https://www.bast.de/videos/2005/zst3667.zip,True,True,True,berlin
2005,5655,https://www.bast.de/videos/2005/zst5655.zip,True,True,False,duesseldorf
2005,5673,https://www.bast.de/videos/2005/zst5673.zip,True,True,False,cologne
2005,5672,https://www.bast.de/videos/2005/zst5672.zip,True,True,False,cologne
2005,5032,https://www.bast.de/videos/2005/zst5032.zip,True,True,False,cologne
2005,5010,https://www.bast.de/videos/2005/zst5010.zip,True,True,False,cologne
2005,5048,https://www.bast.de/videos/2005/zst5048.zip,True,True,False,cologne
2004,3625,https://www.bast.de/videos/2004/zst3625.zip,True,True,False,berlin
2004,5262,https://www.bast.de/videos/2004/zst5262.zip,True,True,False,duesseldorf
2004,2063,https://www.bast.de/videos/2004/zst2063.zip,True,True,False,berlin
2004,2066,https://www.bast.de/videos/2004/zst2066.zip,True,True,True,berlin
2004,5031,https://www.bast.de/videos/2004/zst5031.zip,True,True,False,duesseldorf
2004,3648,https://www.bast.de/videos/2004/zst3648.zip,True,True,True,berlin
2004,2062,https://www.bast.de/videos/2004/zst2062.zip,True,True,False,berlin
2004,2064,https://www.bast.de/videos/2004/zst2064.zip,True,True,False,berlin
2004,3702,https://www.bast.de/videos/2004/zst3702.zip,True,True,True,berlin
2004,3632,https://www.bast.de/videos/2004/zst3632.zip,True,True,True,berlin
2004,2061,https://www.bast.de/videos/2004/zst2061.zip,True,True,True,berlin
2004,5036,https://www.bast.de/videos/2004/zst5036.zip,True,True,False,cologne
2004,3615,https://www.bast.de/videos/2004/zst3615.zip,True,True,False,berlin
2004,2002,https://www.bast.de/videos/2004/zst2002.zip,True,True,False,berlin
2004,2011,https://www.bast.de/videos/2004/zst2011.zip,True,True,False,berlin
2004,3631,https://www.bast.de/videos/2004/zst3631.zip,True,True,False,berlin
2004,3614,https://www.bast.de/videos/2004/zst3614.zip,True,True,False,berlin
2004,2008,https://www.bast.de/videos/2004/zst2008.zip,True,True,False,berlin
2004,2010,https://www.bast.de/videos/2004/zst2010.zip,True,True,False,berlin
2004,2007,https://www.bast.de/videos/2004/zst2007.zip,True,True,True,berlin
2004,2004,https://www.bast.de/videos/2004/zst2004.zip,True,True,True,berlin
2004,2005,https://www.bast.de/videos/2004/zst2005.zip,True,True,True,berlin
2004,2009,https://www.bast.de/videos/2004/zst2009.zip,True,True,True,berlin
2004,2006,https://www.bast.de/videos/2004/zst2006.zip,True,True,False,berlin
2004,5674,https://www.bast.de/videos/2004/zst5674.zip,True,True,False,cologne
2004,2003,https://www.bast.de/videos/2004/zst2003.zip,True,True,True,berlin
2004,5670,https://www.bast.de/videos/2004/zst5670.zip,True,True,False,duesseldorf
2004,5061,https://www.bast.de/videos/2004/zst5061.zip,True,True,False,duesseldorf
2004,5601,https://www.bast.de/videos/2004/zst5601.zip,True,True,False,duesseldorf
2004,5014,https://www.bast.de/videos/2004/zst5014.zip,True,True,False,duesseldorf
2004,5030,https://www.bast.de/videos/2004/zst5030.zip,True,True,False,duesseldorf
2004,5027,https://www.bast.de/videos/2004/zst5027.zip,True,True,False,duesseldorf
2004,5040,https://www.bast.de/videos/2004/zst5040.zip,True,True,False,duesseldorf
2004,5686,https://www.bast.de/videos/2004/zst5686.zip,True,True,False,duesseldorf
2004,3629,https://www.bast.de/videos/2004/zst3629.zip,True,True,False,berlin
2004,3606,https://www.bast.de/videos/2004/zst3606.zip,True,True,False,berlin
2004,3667,https://www.bast.de/videos/2004/zst3667.zip,True,True,False,berlin
2004,3602,https://www.bast.de/videos/2004/zst3602.zip,True,True,False,berlin
2004,5049,https://www.bast.de/videos/2004/zst5049.zip,True,True,False,cologne
2004,5053,https://www.bast.de/videos/2004/zst5053.zip,True,True,False,cologne
2004,5021,https://www.bast.de/videos/2004/zst5021.zip,True,True,False,cologne
2004,5004,https://www.bast.de/videos/2004/zst5004.zip,True,True,False,cologne
2004,5673,https://www.bast.de/videos/2004/zst5673.zip,True,True,False,cologne
2004,5655,https://www.bast.de/videos/2004/zst5655.zip,True,True,False,duesseldorf
2004,5048,https://www.bast.de/videos/2004/zst5048.zip,True,True,False,cologne
2004,5672,https://www.bast.de/videos/2004/zst5672.zip,True,True,False,cologne
2004,5032,https://www.bast.de/videos/2004/zst5032.zip,True,True,False,cologne
2004,5010,https://www.bast.de/videos/2004/zst5010.zip,True,True,False,cologne
2003,3625,https://www.bast.de/videos/2003/zst3625.zip,True,True,False,berlin
2003,5262,https://www.bast.de/videos/2003/zst5262.zip,True,True,False,duesseldorf
2003,2066,https://www.bast.de/videos/2003/zst2066.zip,True,True,False,berlin
2003,3648,https://www.bast.de/videos/2003/zst3648.zip,True,True,False,berlin
2003,5031,https://www.bast.de/videos/2003/zst5031.zip,True,True,False,duesseldorf
2003,2062,https://www.bast.de/videos/2003/zst2062.zip,True,True,False,berlin
2003,2063,https://www.bast.de/videos/2003/zst2063.zip,True,True,False,berlin
2003,2065,https://www.bast.de/videos/2003/zst2065.zip,True,True,True,berlin
2003,3702,https://www.bast.de/videos/2003/zst3702.zip,True,True,True,berlin
2003,2061,https://www.bast.de/videos/2003/zst2061.zip,True,True,True,berlin
2004,2065,https://www.bast.de/videos/2004/zst2065.zip,True,True,True,berlin
2003,3632,https://www.bast.de/videos/2003/zst3632.zip,True,True,True,berlin
2003,2064,https://www.bast.de/videos/2003/zst2064.zip,True,True,False,berlin
2003,2002,https://www.bast.de/videos/2003/zst2002.zip,True,True,False,berlin
2003,5036,https://www.bast.de/videos/2003/zst5036.zip,True,True,False,cologne
2003,3615,https://www.bast.de/videos/2003/zst3615.zip,True,True,False,berlin
2003,2011,https://www.bast.de/videos/2003/zst2011.zip,True,True,False,berlin
2003,3631,https://www.bast.de/videos/2003/zst3631.zip,True,True,False,berlin
2003,3614,https://www.bast.de/videos/2003/zst3614.zip,True,True,False,berlin
2003,2008,https://www.bast.de/videos/2003/zst2008.zip,True,True,False,berlin
2003,2007,https://www.bast.de/videos/2003/zst2007.zip,True,True,False,berlin
2003,2010,https://www.bast.de/videos/2003/zst2010.zip,True,True,False,berlin
2003,2003,https://www.bast.de/videos/2003/zst2003.zip,True,True,False,berlin
2003,2006,https://www.bast.de/videos/2003/zst2006.zip,True,True,False,berlin
2003,2009,https://www.bast.de/videos/2003/zst2009.zip,True,True,True,berlin
2003,2005,https://www.bast.de/videos/2003/zst2005.zip,True,True,True,berlin
2003,2004,https://www.bast.de/videos/2003/zst2004.zip,True,True,True,berlin
2003,5674,https://www.bast.de/videos/2003/zst5674.zip,True,True,False,cologne
2003,5601,https://www.bast.de/videos/2003/zst5601.zip,True,True,False,duesseldorf
2003,5670,https://www.bast.de/videos/2003/zst5670.zip,True,True,False,duesseldorf
2003,5014,https://www.bast.de/videos/2003/zst5014.zip,True,True,False,duesseldorf
2003,5061,https://www.bast.de/videos/2003/zst5061.zip,True,True,False,duesseldorf
2003,5030,https://www.bast.de/videos/2003/zst5030.zip,True,True,False,duesseldorf
2003,5027,https://www.bast.de/videos/2003/zst5027.zip,True,True,False,duesseldorf
2003,3629,https://www.bast.de/videos/2003/zst3629.zip,True,True,False,berlin
2003,5686,https://www.bast.de/videos/2003/zst5686.zip,True,True,False,duesseldorf
2003,5040,https://www.bast.de/videos/2003/zst5040.zip,True,True,False,duesseldorf
2003,3667,https://www.bast.de/videos/2003/zst3667.zip,True,True,False,berlin
2003,5053,https://www.bast.de/videos/2003/zst5053.zip,True,True,False,cologne
2003,3602,https://www.bast.de/videos/2003/zst3602.zip,True,True,False,berlin
2003,5049,https://www.bast.de/videos/2003/zst5049.zip,True,True,False,cologne
2003,3606,https://www.bast.de/videos/2003/zst3606.zip,True,True,True,berlin
2003,5021,https://www.bast.de/videos/2003/zst5021.zip,True,True,False,cologne
2003,5004,https://www.bast.de/videos/2003/zst5004.zip,True,True,False,cologne
2003,5655,https://www.bast.de/videos/2003/zst5655.zip,True,True,False,duesseldorf
2003,5672,https://www.bast.de/videos/2003/zst5672.zip,True,True,False,cologne
2003,5673,https://www.bast.de/videos/2003/zst5673.zip,True,True,False,cologne
2003,5010,https://www.bast.de/videos/2003/zst5010.zip,True,True,False,cologne
2003,5048,https://www.bast.de/videos/2003/zst5048.zip,True,True,False,cologne
2003,5032,https://www.bast.de/videos/2003/zst5032.zip,True,True,False,cologne
